City,Country,Cost_of_Living_Index,Rent_Index,Cost_of_Living_Plus_Rent_Index,Category,Groceries_Index,Grocery_Week,Discount_Percent,Restaurant_Price_Index,Local_Purchasing_Power_Index,Milk,Monthly_Pass,Apartment_one_bedroom,Internet_unlimited,Cappuccino,Water,Egg,Domestic_Beer,One_way_Ticket,Basic_amenities,Entertainment,Apples,Food,House
Aachen,Germany,62.14,22.3,43.38,LOW,52.39,Tuesday,12,56.62,153.14,0.71,55.8,509.62,29.33,2.55,1.67,1.38,1,2.93,169.11,8.93,2.05,9.36,678.73
Aalborg,Denmark,81.71,23.53,54.31,HIGH,63.84,Wednesday,14,95.81,118.42,0.94,57.64,618.33,30.7,4.16,2.05,3.35,2.05,3.3,176.8,14.99,2.29,14.84,795.13
Aberdeen,United Kingdom,82.12,33.49,59.22,HIGH,62.94,Wednesday,14,97.71,124.41,1.3,78.64,871.27,29.95,3.58,1.18,2.76,2.15,3.41,307.68,13.11,2.79,13.76,1178.95
Abu Dhabi,United Arab Emirates,62.74,69.91,66.12,HIGH,53.59,Tuesday,12,61.65,134.74,1.76,21.78,1868.95,87.22,4.57,0.32,2.69,2.42,0.54,78.84,9.53,2.35,14.11,1947.79
Accra,Ghana,64.16,46.19,55.7,HIGH,59.38,Tuesday,12,49.11,15.31,2.39,200,1041.59,57.78,2.52,1.05,2.41,1.95,0.84,64.59,7.33,2.88,13.2,1106.18
Ad Dammam,Saudi Arabia,67.75,13.5,42.21,LOW,79.66,Wednesday,14,34.24,108.9,1.28,50.67,333.34,50.67,2.58,0.24,2.8,1.25,0.8,36.21,13.33,1.9,10.05,369.55
Addis Ababa,Ethiopia,45.17,21.85,34.19,LOW,37.27,Tuesday,12,23.8,17.63,1,10,215.5,197.71,0.81,0.54,2.02,0.97,0.25,15.68,2.75,4.83,10.17,231.18
Adelaide,Australia,79.34,33.66,57.83,HIGH,74,Wednesday,14,78.34,137.87,1.08,90.14,988.98,47.48,3.14,1.84,3.61,3.79,3.01,154.08,14.11,2.96,16.42,1143.06
Ahmedabad,India,23.99,5.32,15.2,LOW,24.59,Monday,10,15.88,72.71,0.7,7.08,125.92,17.31,1.3,0.2,0.92,1.96,0.3,45.29,2.98,1.82,6.9,171.21
Akron,Ohio,86.83,21.98,56.3,HIGH,94.44,Thursday,16,74.23,82.19,0.83,47.5,666.67,40,3.12,1.17,3.03,2.75,1.25,226.67,10,6.09,16.99,893.34
Al Khobar,Saudi Arabia,47.54,15.95,32.67,LOW,40.29,Tuesday,12,33.96,279.02,1.17,53.34,430.01,34.23,2.87,0.27,1.78,1,0.67,41.74,9.33,1.73,8.82,471.75
Albany,NY,82.22,33.3,59.19,HIGH,88.75,Wednesday,14,73.91,158.04,0.8,65,950.42,63.17,4.03,1.57,2.71,2.33,1.5,178.27,12.75,5.28,16.72,1128.69
Albuquerque,NM,64.46,25.22,45.98,LOW,61.95,Wednesday,14,68.67,138.87,0.78,30,754.17,47.93,3.89,1.23,2.47,2.83,1,142.51,11,2.71,13.91,896.68
Alessandria,Italy,85.32,9.01,49.39,LOW,78.69,Wednesday,14,76.42,119.38,0.81,44.08,223.19,30.13,1.38,1.12,2.79,0.78,1.67,214.82,8.93,1.67,8.55,438.01
Algiers,Algeria,33.92,10.12,22.71,LOW,34.02,Tuesday,12,26.54,41.82,0.25,10.97,262.01,35.64,1.14,0.21,1.13,1.48,0.27,32.3,4.57,1.59,5.8,294.31
Alicante,Spain,57.09,15.7,37.6,LOW,43.99,Tuesday,12,49.6,85.68,0.9,36.16,502.18,38.92,1.69,1.33,1.56,0.69,1.62,113.23,8.93,1.17,7.34,615.41
Allentown,PA,86.59,32.41,61.08,HIGH,91.75,Thursday,16,74.59,82.12,1.1,50,883.8,52.84,4.16,1.28,2.39,2,2,259.81,11,8.34,19.27,1143.61
Almaty,Kazakhstan,31.03,12.24,22.18,LOW,25.15,Monday,10,32.52,50.24,0.86,17.65,323.61,12.49,1.62,0.29,0.97,0.61,0.24,64.32,3.53,1.07,5.42,387.93
Amman,Jordan,58.61,13.71,37.47,LOW,48.76,Tuesday,12,57.05,46.07,1.62,42.38,425.52,39.71,4.33,0.39,2.09,4.87,0.71,73.3,11.3,2.22,15.52,498.82
Amsterdam,Netherlands,79.9,50.82,66.21,HIGH,63.04,Wednesday,14,87.52,105.97,1.07,90.95,1464.35,34.92,3.08,2.16,2.86,1.18,3.24,156.54,12.28,2.75,13.1,1620.89
Anchorage,Alaska,95.68,43.63,71.17,HIGH,95.09,Thursday,16,86.34,142.68,1.18,60,1177.27,96.4,4.38,1.72,3.67,1.43,2,290.53,12.5,5.16,17.54,1467.8
Ankara,Turkey,44.84,9.02,27.97,LOW,39.6,Tuesday,12,33.33,70.6,0.85,37.16,293.26,18.72,2.25,0.28,1.87,2.01,0.81,90.5,5.07,1.08,8.34,383.76
Ann Arbor,MI,66.78,41.87,55.05,HIGH,62.84,Wednesday,14,62.21,160.88,0.73,58,1304.55,46.1,3.54,1.36,2.3,2.5,1.5,151.46,11,3.86,14.29,1456.01
Antalya,Turkey,44.48,7.49,27.06,LOW,38.9,Tuesday,12,34.2,60.66,0.84,40.53,216.57,17.12,2.42,0.29,1.81,2.01,0.68,76.58,5.07,0.83,8.2,293.15
Antwerp,Belgium,79.2,27.41,54.81,HIGH,70.48,Wednesday,14,89.04,99.12,1.04,51.33,765.41,49.76,2.95,2.14,2.58,1.12,2.68,145.52,11.16,2.34,12.17,910.93
Arad,Romania,34.74,8.1,22.2,LOW,28.77,Monday,10,26.16,61.51,0.92,16.28,263.51,9.49,1.21,0.65,1.78,0.73,0.5,74.62,5.14,0.86,6.15,338.13
Arhus,Denmark,81.83,32.82,58.75,HIGH,59.12,Tuesday,12,102.57,122.82,0.9,56.21,861.92,24.71,5.21,2.11,3.3,1.8,3,175.86,14.24,2.28,15.6,1037.78
Arlington,VA,87.48,75.14,81.67,HIGH,82.12,Wednesday,14,88.06,116.39,1.02,125,2020.92,66,4.19,1.56,3,2.5,3.5,161.56,12,4.51,16.78,2182.48
Asheville,NC,80.21,36.91,59.82,HIGH,89.02,Wednesday,14,70.28,143.33,0.99,25,1070.56,53.43,3.66,1.5,3.04,2,1.5,152.4,9,5.39,16.58,1222.96
Astana,Kazakhstan,31.02,16.27,24.07,LOW,23.47,Monday,10,32.11,45.96,0.69,14.71,367.74,12.91,1.94,0.28,0.79,0.7,0.26,43.64,4.41,1.11,5.51,411.38
Asuncion,Paraguay,32.51,9.03,21.45,LOW,24.96,Monday,10,26.97,43.43,0.8,25.86,269.03,56.29,1.64,0.49,1.15,0.81,0.42,51.72,6.33,1.93,6.82,320.75
Athens,Greece,58.75,12.24,36.85,LOW,45.43,Tuesday,12,64.36,56.39,1.37,33.48,294.16,22.66,3.24,0.56,3.46,1.38,1.56,167.14,8.37,1.51,11.52,461.3
Atlanta,Georgia,73.98,40.9,58.4,HIGH,74.35,Wednesday,14,68.63,151.56,0.84,95,1268,50.18,3.77,1.35,2.6,2.4,2.5,161.5,12,4.8,15.76,1429.5
Auckland,New Zealand,83.71,45.32,65.63,HIGH,75.33,Wednesday,14,74.33,104.64,1.91,101.49,1223.1,61.15,3.33,2.1,4.03,3.64,3.26,147.02,13.05,2.57,17.58,1370.12
Austin,TX,69.85,50.56,60.77,HIGH,66.49,Wednesday,14,69.41,126.94,0.84,41.25,1467.83,48.62,3.97,1.39,2.79,1.65,1.75,149.9,11,3.68,14.32,1617.73
Baghdad,Iraq,47.87,17.03,33.35,LOW,36.71,Tuesday,12,45.15,63.93,1.09,17.18,450,83.75,1.61,0.31,1.62,1.6,1,141.8,10,1.17,7.4,591.8
Bakersfield,Canada,70.52,26.85,49.96,LOW,70.77,Wednesday,14,69.57,142.94,0.94,36,783.33,68.33,4.33,1.27,2.54,4.25,1.75,155.06,10,3.04,16.37,938.39
Baku,Azerbaijan,29.25,10.84,20.58,LOW,24.09,Monday,10,32.12,35.76,0.77,7.34,309.99,13.58,2.63,0.18,1.22,0.7,0.12,41.45,4.28,0.68,6.18,351.44
Bali,Indonesia,39.7,13.57,27.4,LOW,42.44,Tuesday,12,22.62,26.44,1.58,28.99,207.07,36.71,1.94,0.31,1.52,1.34,0.38,73.27,3.76,2.47,9.16,280.34
Baltimore,MD,76.83,49.19,63.81,HIGH,76.6,Wednesday,14,77.41,152.44,1,68,1377.92,57.66,3.56,1.53,2.78,2,1.7,144.66,12,4.41,15.28,1522.58
Bandar Seri Begawan,Brunei,54.51,18.28,37.45,LOW,51.97,Tuesday,12,34.78,66.65,1.74,11.01,435.4,72.97,2.94,0.47,1.74,1.2,0.73,77.3,5.14,2.37,10.46,512.7
Bandung,Indonesia,35.51,7.67,22.4,LOW,41.88,Tuesday,12,15.87,29.78,1.34,16.19,152.95,33.21,1.51,0.17,1.26,2.13,0.34,29.38,3.01,3.19,9.6,182.33
Bangalore,India,26.23,8.67,17.96,LOW,26.86,Monday,10,16.46,103.17,0.55,17.89,209.9,17.81,1.38,0.2,0.84,1.42,0.31,21.71,4.47,2.29,6.68,231.61
Bangkok,Thailand,50.51,25.91,38.93,LOW,55.05,Tuesday,12,26.04,49.86,1.48,34.66,596.32,17.92,2.2,0.27,1.73,1.67,0.87,82.19,5.78,3.23,10.58,678.51
Banja Luka,Bosnia And Herzegovina,35.66,6.73,22.04,LOW,28.4,Monday,10,26.8,55.04,0.84,20.82,199.61,18.38,0.97,0.69,1.62,0.53,0.91,133.47,2.85,0.82,5.47,333.08
Barcelona,Spain,64.25,27.46,46.93,LOW,53.25,Tuesday,12,62.07,92.16,0.9,58.03,807.67,39.54,1.83,1.19,2.04,0.99,2.34,142.53,8.93,1.91,8.86,950.2
Bari,Italy,66.42,15.36,42.38,LOW,56.99,Tuesday,12,60.73,60.91,1.3,39.06,396.16,27.06,1.36,1.05,2.61,1.12,1.12,167.36,7.81,1.48,8.92,563.52
Barrie,Canada,70.65,27.03,50.11,HIGH,69.04,Wednesday,14,62.51,132.95,1.55,51.35,755.78,50.86,2.71,1.14,2.38,2.17,2.36,156.82,8.66,1.91,11.86,912.6
Basel,Switzerland,130.43,49.86,92.49,HIGH,133.13,Friday,18,120.9,130.14,1.54,77.37,1213.16,46.26,4.53,3.45,6.06,1.86,3.66,235.22,18.58,3.44,20.88,1448.38
Bath,United Kingdom,82.73,41.54,63.33,HIGH,82.7,Wednesday,14,76.56,130.75,1.47,62.91,993.89,26.89,3.05,1.36,4.85,2.16,2.88,144.17,12.45,4.59,17.48,1138.06
Beersheba,Israel,79.74,18.53,50.92,HIGH,66.15,Wednesday,14,77.41,84.54,1.46,52.78,488.24,23.97,3.3,1.74,3.1,2.11,1.13,174.04,10.29,2.08,13.79,662.28
Beijing,China,51.84,41.96,47.19,LOW,51.41,Tuesday,12,37.36,67.87,1.8,28.45,1043.52,20.05,4.37,0.31,2.13,0.9,0.6,47.06,11.98,1.98,11.49,1090.58
Beirut,Lebanon,62.26,40.23,51.88,HIGH,45.48,Tuesday,12,61.06,60.16,2.03,45,1174.73,66.43,3.49,0.44,3.13,1.21,1.33,138.47,9.96,1.92,12.22,1313.2
Belfast,United Kingdom,62.65,23.6,44.26,LOW,57.26,Tuesday,12,70.79,109.29,1.18,66.84,725.53,25.99,3.16,1.14,2.38,1.82,2.62,88.67,7.86,3.05,12.73,814.2
Belgrade,Serbia,36.86,10.08,24.25,LOW,26.6,Monday,10,32.99,44.06,0.86,29.02,301.32,14.57,1.41,0.78,1.38,0.64,0.81,136.69,4.08,0.81,5.88,438.01
Belo Horizonte,Brazil,46.94,13.22,31.07,LOW,37.26,Tuesday,12,34.83,44.89,0.83,46.33,385.31,23.92,1.46,0.65,1.66,1.5,1.11,82.45,6.8,1.83,7.93,467.76
Bergamo,Italy,73.26,20.52,48.43,LOW,58,Tuesday,12,87.04,89.36,1.32,38.5,589.86,30.25,1.56,1.3,3.17,1.29,1.45,156.02,10.04,2.05,10.69,745.88
Bergen,Norway,105.59,43.49,76.35,HIGH,94.86,Thursday,16,112.63,112.84,1.77,89.53,1187.1,44.28,4.54,2.79,3.67,3.51,4.33,223.67,14.42,3.15,19.43,1410.77
Berkeley,Canada,88.72,77.46,83.42,HIGH,96.91,Thursday,16,79.12,106.72,1.08,62.5,1983.33,68.12,3.78,1.57,4,2.17,2.1,126.75,12,5.5,18.1,2110.08
Berlin,Germany,65.68,27.97,47.92,LOW,52.12,Tuesday,12,57.43,122.4,0.77,89.28,755.92,26.73,2.67,1.56,2,0.92,3.01,248.84,11.16,2.09,10.01,1004.76
Bern,Switzerland,120.3,46.38,85.49,HIGH,118.18,Thursday,16,117.81,144,1.32,78.39,1272.55,40.98,4.4,2.99,5.16,2.04,3.97,137.96,18.32,3.9,19.81,1410.51
Bhopal,India,25.64,4.35,15.62,LOW,21.05,Monday,10,12.76,58.81,0.63,7.46,122.27,18.64,0.84,0.19,0.83,1.46,0.3,33.98,3.73,1.41,5.36,156.25
Bhubaneswar,India,22.44,4.15,13.83,LOW,23.27,Monday,10,12.9,65.31,0.54,4.47,105,18.56,0.96,0.14,0.86,1.45,0.3,21.15,3.73,1.83,5.78,126.15
Bilbao,Spain,65.24,27.72,47.58,LOW,55.19,Tuesday,12,69.37,97.83,0.98,37.94,806.53,33.34,1.55,1.33,1.97,1,1.56,150.18,8.93,1.86,8.69,956.71
Birmingham,Alabama,66.68,27.55,48.26,LOW,65.88,Wednesday,14,69.97,133.32,1.06,44,840.38,38.88,4.15,1.53,3.16,1.5,1.25,185.1,10.25,4.12,15.52,1025.48
Birmingham,United Kingdom,68.23,28.54,49.54,LOW,56.23,Tuesday,12,73.46,107.67,1.23,75.36,905.97,26.5,3.3,1.29,2.4,1.78,2.88,186.18,10.49,2.44,12.44,1092.15
Bishkek,Kyrgyzstan,33.13,12.12,23.24,LOW,28.19,Monday,10,24.69,29.18,0.73,6.4,369.77,40.35,1.54,0.39,1.3,0.72,0.15,51,4.5,1.3,5.98,420.77
Bogota,Colombia,36.18,14.18,25.82,LOW,30.39,Tuesday,12,26.07,40.46,0.89,27.32,391.51,27.2,1.28,0.64,1.46,0.89,0.68,83.23,4.1,1.91,7.07,474.74
Boise,ID,63,28.14,46.58,LOW,61.74,Wednesday,14,66.11,115.85,0.67,30,785.91,48.5,3.97,1.23,2.48,1.3,1,117.06,10,3.7,13.35,902.97
Bologna,Italy,68.94,23.85,47.71,LOW,59.31,Tuesday,12,73.98,98.03,1.39,40.17,657.01,31.73,1.6,1.13,2.61,1.62,1.45,162.66,8.93,1.74,10.09,819.67
Bolzano-Bozen,Italy,82.74,28.07,57,HIGH,77.43,Wednesday,14,81.57,79.31,1.32,22.32,836.96,27.62,2.01,1.43,4.35,1.55,1.67,133.54,11.16,2.08,12.74,970.5
Bonn,Germany,65.25,28,47.71,LOW,44.66,Tuesday,12,68.74,110.13,0.67,78.12,829.99,27.15,3.05,1.67,1.19,1.19,3.12,312.23,10.04,1.71,9.48,1142.22
Boston,MA,82.97,75.84,79.62,HIGH,81.69,Wednesday,14,84.74,137.46,0.89,75,2287.3,52.41,3.72,1.46,3.18,1.56,2.5,141.51,12,4.32,15.13,2428.81
Boulder,Colombia,77.1,57.75,67.99,HIGH,69.45,Wednesday,14,83.69,143.93,1.24,80,1270.45,52.5,4.45,1.67,2.95,1.08,2.25,143.29,12,6,17.39,1413.74
Bournemouth,United Kingdom,75.59,33.68,55.85,HIGH,69.91,Wednesday,14,74.62,93.27,1.06,72.08,791.84,27.83,3.18,1.28,2.85,1.64,3.15,176.12,11.8,2.29,12.3,967.96
Braga,Portugal,46.84,11.82,30.35,LOW,36.51,Tuesday,12,36.23,70.01,0.63,35.71,344.55,21.6,0.98,0.71,1.62,0.91,1.73,95.71,6.7,1.25,6.1,440.26
Brasilia,Brazil,51.46,17.01,35.24,LOW,39.84,Tuesday,12,46.02,59.25,0.95,42.01,426.62,25.68,1.72,0.82,1.67,1.68,1.16,58.71,7.72,1.83,8.67,485.33
Brasov,Romania,35.57,8.66,22.9,LOW,28.37,Monday,10,31.28,59.83,1.02,17.54,246.55,6.9,1.45,0.96,1.66,0.71,0.5,96.81,6.26,0.77,6.57,343.36
Bratislava,Slovakia,49.31,20.38,35.69,LOW,43.62,Tuesday,12,38.53,74.13,0.81,30.02,587.81,15.51,2.01,1.16,2.01,0.79,1,185.53,7.81,1.47,8.25,773.34
Bremen,Germany,60.75,21.52,42.28,LOW,41.66,Tuesday,12,65.33,161.8,0.77,66.96,506.83,30.99,2.58,1.67,1.77,0.69,3.01,214.13,13.39,1.9,9.38,720.96
Brescia,Italy,63.1,17.32,41.55,LOW,51.82,Tuesday,12,66.43,102.19,1.19,39.06,528.21,22.32,1.59,1.19,2.12,1.14,1.56,197.15,10.04,1.47,8.7,725.36
Brighton,United Kingdom,78.89,43.23,62.1,HIGH,66.8,Wednesday,14,89.47,87.14,1.2,90.43,1110.39,29.06,3.39,1.41,3.23,2.16,3.15,182.87,13.11,2.98,14.37,1293.26
Brisbane,Australia,78.97,46.68,63.76,HIGH,71.87,Wednesday,14,78.81,131.13,0.99,116.62,1411.86,53.14,3.23,2.06,3.3,4.18,3.76,131.19,11.29,2.86,16.62,1543.05
Bristol,United Kingdom,74.34,37.61,57.04,HIGH,64.49,Wednesday,14,83.44,98.9,1,86.5,1065.61,27.46,3.35,1.11,2.54,2.03,1.97,174.92,11.8,3.18,13.21,1240.53
Brno,Czech Republic,41.93,14.69,29.1,LOW,36.09,Tuesday,12,28.41,81.93,0.65,22.71,426.86,15.24,1.62,0.85,1.44,0.59,1.03,164.45,6.61,1.06,6.21,591.31
Brooklyn,NY,87.4,81.03,84.4,HIGH,83.35,Wednesday,14,99.09,106.13,0.98,116.5,2446.67,48.45,3.94,1.46,3.39,2.25,2.75,126.52,14.5,4.41,16.43,2573.19
Brussels,Belgium,77.13,32.58,56.15,HIGH,66.25,Wednesday,14,86.92,107.5,1.19,54.68,862.96,43.38,3.06,1.94,3.15,1.39,2.34,147,11.16,1.8,12.53,1009.96
Bucharest,Romania,39.34,12.35,26.63,LOW,31.2,Tuesday,12,35.91,54.54,1.03,15.03,372.77,7.87,1.9,1.03,1.97,0.75,0.38,105.78,6.26,0.91,7.59,478.55
Budapest,Hungary,44.66,15,30.7,LOW,34.54,Tuesday,12,34.59,54.73,0.79,34.26,416.74,14.5,1.39,0.6,1.73,0.83,1.26,164.63,5.95,1.1,6.44,581.37
Buenos Aires,Argentina,58.25,16.83,38.75,LOW,46.73,Tuesday,12,58.47,59.82,1.2,21.24,438.68,37.91,2.8,1.24,2.05,1.87,0.43,103.66,8.98,2.31,11.47,542.34
Buffalo,NY,75.67,27.9,53.18,HIGH,77.05,Wednesday,14,70.16,120.28,0.7,75,838.89,49.36,3.55,1.48,2.54,2.06,2,201.23,10,3.55,13.88,1040.12
Burlington,VT,86.69,42,65.65,HIGH,96.42,Thursday,16,77.95,127.41,0.92,50,1127.78,62.22,4.17,1.33,3.62,1.23,1.25,122.5,11,2.76,14.03,1250.28
Bursa,Turkey,42.73,7.18,25.99,LOW,36.99,Tuesday,12,29.29,73.36,0.75,27.02,187.78,17.79,2.05,0.23,1.66,1.89,0.84,80.66,4.73,0.9,7.48,268.44
Bydgoszcz,Poland,39.89,12.04,26.77,LOW,31.25,Tuesday,12,36.3,69.55,0.59,22.54,363.69,14.54,1.88,0.7,1.79,0.69,0.77,130.77,6.4,0.61,6.26,494.46
Cagliari,Italy,75.29,21.64,50.03,HIGH,62.95,Wednesday,14,76.62,56.64,1.23,33.48,604.01,28.16,1.32,1.26,2.35,1.18,1.34,290.93,8.37,2.42,9.76,894.94
Cairns,Australia,78.5,30.75,56.02,HIGH,72.96,Wednesday,14,79.96,87.29,0.99,96.53,700.83,60.19,3.37,1.94,3.56,3.95,3.01,115.37,13.92,3.2,17.01,816.2
Cairo,Egypt,35.52,9.33,23.19,LOW,31.49,Tuesday,12,29.98,35.68,1.02,6.77,280.92,50.22,2.08,0.26,1.33,1.41,0.23,25.97,5.08,1.69,7.79,306.89
Calgary,Canada,75.59,35.69,56.8,HIGH,74.44,Wednesday,14,73.66,133,1.5,75.7,1022.19,43.54,3.26,1.36,2.56,2.65,2.41,132.21,10.32,3.07,14.4,1154.4
Cali,Colombia,29.41,7.29,18.99,LOW,24.06,Monday,10,22.65,35.29,0.88,32.78,194.63,28.82,1.42,0.57,1.5,0.69,0.61,47.18,3.41,1.6,6.66,241.81
Cambridge,United Kingdom,75.12,43.75,60.35,HIGH,61.83,Wednesday,14,85.1,125.5,1.21,70.77,1308.88,30.07,3.04,1.24,2.85,2.03,3.15,222.42,13.11,2.76,13.13,1531.3
Campinas,Brazil,53.12,16.88,36.06,LOW,40.43,Tuesday,12,41.82,57.84,0.94,46.95,429.32,25.21,1.62,0.85,1.89,1.11,1.16,72.43,8.34,2.35,8.76,501.75
Canberra,Australia,75.97,44.15,60.99,HIGH,73.4,Wednesday,14,75.45,164.92,1.26,75.24,1371.81,53.09,2.99,1.94,3.36,3.43,3.08,115.07,11.29,2.87,15.85,1486.88
Cancun,Mexico,37.89,11.22,25.34,LOW,30.94,Tuesday,12,35.53,63.52,0.85,42.62,293.96,25.1,2.09,0.45,1.5,0.87,0.56,66.96,3.73,1.48,7.24,360.92
Cape Town,South Africa,38.15,21.62,30.37,LOW,30.92,Tuesday,12,37.72,107.47,0.84,22.78,562.97,57.88,1.47,0.63,1.52,1.31,0.76,66.61,4.49,1.26,7.03,629.58
Caracas,Venezuela,54.25,10.49,33.64,LOW,39.35,Tuesday,12,43.21,2.05,0.97,6,400,105.07,0.96,0.41,1.75,1,1.3,54.75,2,4.83,9.92,454.75
Cardiff,United Kingdom,67.14,25.7,47.63,LOW,57.9,Tuesday,12,73.25,125.08,1.1,62.91,793.4,26.98,3.27,0.94,2.2,2.06,2.36,142.28,7.86,1.97,11.54,935.68
Casablanca,Morocco,37.43,14.72,26.73,LOW,33.55,Tuesday,12,25.22,49.44,0.77,20.5,457.65,23.91,1.3,0.39,1.41,1.75,0.62,41.65,6.15,1.52,7.14,499.3
Catania,Italy,64.14,14.38,40.71,LOW,49.97,Tuesday,12,59.83,61.72,1.12,44.64,362.68,34.04,1.79,1.23,2.23,2.23,1.12,200.87,9.49,1.67,10.27,563.55
Cebu,Philippines,40.88,12.17,27.36,LOW,40.22,Tuesday,12,25.97,27.1,1.66,15.05,412.59,51.66,2.36,0.41,1.68,0.78,0.15,94.09,4.51,2.53,9.42,506.68
Chandigarh,India,25.64,6.46,16.61,LOW,25.49,Monday,10,17.68,64.32,0.64,5.37,152.84,29.52,1.28,0.23,0.89,1.18,0.22,36.7,2.98,1.56,5.78,189.54
Chania,Greece,52.54,8.25,31.68,LOW,46.14,Tuesday,12,49.68,93.7,1.35,33.48,209.24,24.18,2.98,0.51,3.91,1.56,1.67,93.87,7.81,1.39,11.7,303.11
Charleston,SC,83.18,49.28,67.22,HIGH,90.43,Thursday,16,79.47,140.74,0.98,40,1475,56.81,4.45,1.56,3.17,1.65,2,189.06,11,5.47,17.28,1664.06
Charlotte,NC,72.63,40.45,57.47,HIGH,74.72,Wednesday,14,67.8,130.42,0.87,88,1219.66,53.3,3.41,1.41,2.32,1.56,2.25,121.85,11,4.75,14.32,1341.51
Charlottesville,VA,71.78,35.61,54.75,HIGH,74.22,Wednesday,14,72.31,107.1,1,20,1066.67,43,3.66,1.5,2.75,1,0.75,172.12,12,2.48,12.39,1238.79
Chattanooga,TN,74.05,25.84,51.35,HIGH,80.51,Wednesday,14,67.4,149.64,0.96,30,806.25,58,3.61,1.49,2.97,2.67,1.5,122.11,10,6.06,17.76,928.36
Chengdu,China,37.72,12.05,25.63,LOW,33.12,Tuesday,12,25.9,85.05,1.87,14.98,295.22,16.11,3.96,0.29,1.35,0.85,0.3,34.75,5.99,1.91,10.23,329.97
Chennai,India,25.77,6.98,16.92,LOW,27.37,Monday,10,15.58,83.75,0.63,14.91,173.4,18.5,1.3,0.22,0.82,1.72,0.22,38.75,1.79,2.33,7.02,212.15
Chiang Mai,Thailand,41.05,12.38,27.55,LOW,49.58,Tuesday,12,19.81,33.57,1.34,28.88,311.4,17.3,1.68,0.26,1.46,1.48,0.58,47.05,4.33,2.29,8.51,358.45
Chicago,IL,84.14,56.68,71.21,HIGH,82.67,Wednesday,14,84.15,128.59,0.84,100,1627.97,49.71,3.97,1.66,2.86,1.37,2.25,125.47,12,3.72,14.42,1753.44
Chisinau,Moldova,27.16,8.04,18.16,LOW,21.15,Monday,10,19.5,30.14,0.55,9.12,239.39,8.34,1.16,0.42,1.14,0.68,0.1,105.31,4.05,0.57,4.52,344.7
Christchurch,New Zealand,80.52,33.05,58.17,HIGH,73.04,Wednesday,14,85.35,83.5,2.21,72.49,888.72,57.42,3.37,2,3.29,4.64,2.54,142.19,10.87,2.63,18.14,1030.91
Cincinnati,Ohio,70.77,31.67,52.36,HIGH,64.3,Wednesday,14,71.51,137.97,0.71,78,1009.29,43.61,3.64,1.23,2.23,1.5,1.75,131.01,10,4.37,13.68,1140.3
Cleveland,Ohio,78.52,30.34,55.83,HIGH,79.98,Wednesday,14,71.5,116.9,0.85,82.5,814.58,50.37,3.58,1.28,2.58,1.46,2.5,113.05,10,4.81,14.56,927.63
Cluj-napoca,Romania,37.5,11.37,25.19,LOW,31.93,Tuesday,12,29.49,56.3,0.99,15.03,333.33,7.89,1.45,0.89,1.78,0.78,0.5,106.22,5.01,0.83,6.72,439.55
Coimbatore,India,23.09,5.43,14.77,LOW,23.32,Monday,10,16.35,47.37,0.65,4.47,134.2,17.82,1.67,0.24,0.82,1.78,0.22,38.49,1.79,2.22,7.38,172.69
Coimbra,Portugal,47.34,14.06,31.67,LOW,36.82,Tuesday,12,38.26,75.13,0.64,39.06,418.48,29.01,1.27,0.96,1.69,1.09,1.79,96.72,6.7,1.36,7.01,515.2
Cologne,Germany,70.37,28.13,50.48,HIGH,51.58,Tuesday,12,69.61,115.68,0.79,100.55,717.31,25.36,2.95,1.96,1.93,1.02,3.12,314.11,8.93,2.22,10.87,1031.42
Colombo,Sri Lanka,36.29,11.71,24.72,LOW,40.14,Tuesday,12,20.95,25.45,1.28,6.86,280.51,21.6,2.23,0.27,1.4,1.74,0.14,68.95,3.43,2.12,9.04,349.46
Colorado Springs,Colombia,72.37,29.11,52,HIGH,66.48,Wednesday,14,70.68,147.78,0.72,61.5,779.71,56.33,4.59,1.68,2.62,2.5,1.8,178.6,9.5,3,15.11,958.31
Columbia,SC,70.72,30.62,51.83,HIGH,77.54,Wednesday,14,61.79,94.09,1,40,853.12,53.77,4.11,1.26,2.7,1,1.5,143.76,9.5,5.6,15.67,996.88
Columbus,Ohio,70.75,36.67,54.7,HIGH,69.46,Wednesday,14,63.62,126.35,0.73,62,980.18,37.52,3.4,1.15,2.29,1.75,2,160.77,10,4.37,13.69,1140.95
Concepcion,Chile,43.02,11.65,28.25,LOW,37.39,Tuesday,12,27.45,84.62,1.04,44.53,349.49,32.65,1.46,0.82,2.35,1.23,0.7,105.93,5.2,1.04,7.94,455.42
Constanta,Romania,38.77,8.29,24.42,LOW,32.03,Tuesday,12,31.44,43.28,0.98,15.62,229.27,8.58,1.56,0.83,1.81,0.77,0.38,143.78,5.01,1.04,6.99,373.05
Copenhagen,Denmark,89.01,46.18,68.84,HIGH,68.8,Wednesday,14,108.82,115.35,0.96,59.96,1293.39,31.34,5.04,2.04,3.73,1.96,3.6,174.72,14.99,2.81,16.54,1468.11
Cordoba,Argentina,52.34,11.03,32.89,LOW,42.93,Tuesday,12,45.65,71.7,1.07,37.5,264.78,32.63,2.63,1.02,1.83,1.45,0.69,62.66,8.31,1.69,9.69,327.44
Corfu,Greece,54.33,8.95,32.96,LOW,43.7,Tuesday,12,60.61,91.36,1.14,33.48,239.13,21.06,3.07,0.56,2.96,1.12,1.67,91.88,8.37,1.41,10.26,331.01
Cork,Ireland,75.88,34.98,56.62,HIGH,64.79,Wednesday,14,79.56,135,1.13,92.46,969.98,43.23,3.07,1.35,3.33,2.83,2.34,156.45,10.04,2.79,14.5,1126.43
Corpus Christi,TX,81.7,31.17,57.91,HIGH,82.82,Wednesday,14,70.79,97.51,1,40,957.5,59.83,4.2,1.37,3.09,2.5,0.75,305.85,8.75,7.74,19.9,1263.35
Coventry,United Kingdom,66,30.74,49.4,LOW,52.67,Tuesday,12,69.83,110.98,0.92,65.53,884.67,27.17,3.04,0.74,2.38,1.77,2.62,234.24,10.49,2.24,11.09,1118.91
Craiova,Romania,31.53,5.9,19.46,LOW,25.18,Monday,10,23.59,57.37,0.85,15.03,196.25,8.49,1.36,0.72,1.51,0.75,0.5,89.81,5.01,0.77,5.96,286.06
Cuenca,Ecuador,46.4,12.24,30.31,LOW,48.78,Tuesday,12,27.16,39.79,1.05,15,352.92,46.45,1.84,0.51,1.78,1.11,0.25,37.98,5,3.23,9.52,390.9
Cuneo,Italy,107.11,13.04,62.82,HIGH,95.07,Thursday,16,71.98,103.08,1.56,78.12,401.74,38.31,1.94,1.09,3.16,0.61,1.95,334.78,8.93,2.54,10.9,736.52
Curitiba,Brazil,46.88,12.76,30.81,LOW,36.32,Tuesday,12,38.94,51.73,0.89,43.12,341.77,25.14,1.55,0.75,1.45,1.45,1.08,69.55,7.72,1.67,7.76,411.32
Cyberjaya,Selangor,41.86,9.55,26.65,LOW,51.21,Tuesday,12,19.37,111.99,1.57,14.77,364.22,35.83,2.2,0.38,1.35,2.71,0.49,84.66,3.69,2.31,10.52,448.88
Dallas,TX,67.64,41.87,55.5,HIGH,60.87,Wednesday,14,70.42,172.18,0.74,80,1215.35,48.01,3.97,1.33,2.69,1.3,2.5,136.81,11,2.6,12.63,1352.16
Damascus,Syria,29.6,8.42,19.63,LOW,26.04,Monday,10,26.89,21.41,0.87,17.5,256.67,34.4,1.49,0.28,1.17,1.14,0.17,48.24,5.26,0.98,5.93,304.91
Dar Es Salaam,Tanzania,56.99,30.68,44.6,LOW,48.48,Tuesday,12,36.92,38.5,1.54,41.55,679.38,143.98,1.81,0.53,2.68,1.19,0.23,126.42,5.64,4.41,12.16,805.8
Darwin,Australia,88.44,45.92,68.42,HIGH,91.04,Thursday,16,92.33,121.99,1.09,37.62,1429.55,50.16,3.72,2.23,4.31,3.69,2.26,230.5,13.54,3.6,18.64,1660.05
Davao,Philippines,32.88,5.9,20.18,LOW,30.44,Tuesday,12,15.89,41.02,1.58,21.5,159.89,46.43,1.83,0.27,1.44,0.86,0.17,88.29,3.22,1.09,7.07,248.18
Dayton,Ohio,69.93,22.44,47.57,LOW,70.09,Wednesday,14,61.28,115.75,0.77,55,674.83,69.45,3.56,1.36,2.36,1.42,1.75,145.02,10,4.27,13.74,819.85
Debrecen,Hungary,41.66,9.82,26.66,LOW,34.79,Tuesday,12,30.25,43.72,0.77,23.44,326.56,12.17,1.13,0.58,1.71,0.78,1.08,166.65,4.49,1.14,6.11,493.21
Delhi,India,27.97,9.78,19.4,LOW,25.61,Monday,10,21.82,81.22,0.68,10.44,247.96,22.61,1.5,0.22,0.89,1.43,0.3,60.54,4.47,1.83,6.55,308.5
Den Haag,Netherlands,76.09,30.48,54.61,HIGH,59.41,Tuesday,12,80.46,127.64,1.13,83.7,864.86,27.09,2.93,1.98,2.37,1.56,3.91,149.77,12.28,2.23,12.2,1014.63
Denver,Colombia,78.76,53.48,66.85,HIGH,75.14,Wednesday,14,76.17,126.63,0.76,94.88,1496.29,54.1,4.23,1.61,3.3,2.28,2.6,128.22,12,4.15,16.33,1624.51
Derby,United Kingdom,66.57,21.69,45.44,LOW,53.52,Tuesday,12,70.82,128.29,1.22,72.08,645.95,25.16,3.31,1.02,2.65,1.83,3.28,182.4,10.49,2.42,12.45,828.35
Des Moines,IA,76.63,31.16,55.22,HIGH,85.47,Wednesday,14,63.94,103.54,0.91,44,894.44,38.84,3.83,1.24,2.89,2.75,1.75,114.26,9.5,5.47,17.09,1008.7
Detroit,MI,74.52,32.58,54.77,HIGH,73.68,Wednesday,14,63.64,158.96,0.64,49.5,969.67,55.24,3.75,1.35,2.21,2.27,2,289.68,10,4.21,14.43,1259.35
Dhaka,Bangladesh,36.29,6.81,22.41,LOW,30.64,Tuesday,12,25.92,40.49,0.87,12.73,151.98,48.05,2.05,0.21,1.3,1,0.38,39.49,4.45,1.77,7.2,191.47
Dnipropetrovsk,Ukraine,26.61,6.93,17.34,LOW,19.18,Monday,10,20.71,27.38,0.52,11.42,194.28,3.7,1.01,0.29,0.9,0.45,0.2,62.71,2.64,0.69,3.86,256.99
Doha,Qatar,66.92,70.42,68.57,HIGH,53.54,Tuesday,12,72.68,129.92,1.7,38.45,1927.87,71.63,4.55,0.32,2.92,5.8,1.37,75.88,9.61,1.89,17.18,2003.75
Dresden,Germany,60.77,20,41.57,LOW,45.74,Tuesday,12,51.84,138.31,0.67,65.84,517.96,28.51,2.82,1.91,1.29,0.84,2.57,238.27,9.49,2.22,9.75,756.23
Dubai,United Arab Emirates,69.01,76.08,72.34,HIGH,56.8,Tuesday,12,64.55,122.84,1.5,68.07,2071.02,86.75,4.45,0.32,2.85,7.93,1.36,166.63,9.53,2.42,19.47,2237.65
Dublin,Ireland,82.25,50.65,67.37,HIGH,66.17,Wednesday,14,87.55,106.56,1.1,133.91,1396.25,46.26,3.17,1.42,2.95,2.68,3.01,177.65,12,2.18,13.5,1573.9
Dundee,United Kingdom,64.35,21.21,44.03,LOW,55.38,Tuesday,12,68.21,107.5,0.89,49.48,553.74,23.46,2.99,1.21,2.49,2.16,2.23,133.72,9.17,2.78,12.52,687.46
Dunedin,New Zealand,76.83,24.25,52.07,HIGH,70.38,Wednesday,14,76.8,118.49,2.17,43.49,681.4,58.35,3.14,1.53,2.77,2.17,2.17,133.52,9.06,2.8,14.58,814.92
Durban,South Africa,36.79,13.9,26.01,LOW,28.94,Monday,10,35.21,106.07,0.84,29.33,316.85,42.04,1.33,0.45,1.5,0.97,0.93,78.03,4.83,1.15,6.24,394.88
Durham,NC,71.3,34.48,53.96,HIGH,77.38,Wednesday,14,63.39,185.2,0.92,32.5,990,40.74,3.42,1.25,3,2.5,1,162.48,11.25,5.21,16.3,1152.48
Dusseldorf,Germany,91.99,39.27,67.16,HIGH,82.97,Wednesday,14,84.83,108.85,0.84,82.02,914.75,35.24,3.32,2.34,3.36,1.37,2.9,257.13,13.39,3.48,14.71,1171.88
Edinburgh,United Kingdom,73.15,31.89,53.72,HIGH,61.54,Wednesday,14,80.34,107.1,1.12,68.15,860.94,27.28,3.41,1.14,2.52,2.11,1.97,183.7,12.58,2.33,12.63,1044.64
Edmonton,Canada,73.06,30.22,52.89,HIGH,70.74,Wednesday,14,70.87,116.49,1.7,68.29,899.68,47.56,3.09,1.3,2.6,1.87,2.44,169.83,10.67,2.93,13.49,1069.51
Eindhoven,Netherlands,70.22,31.41,51.94,HIGH,53.39,Tuesday,12,80.14,120.08,0.98,61.38,972.47,28.2,2.65,2.01,2.25,0.92,3.35,188.48,12.28,2.19,11,1160.95
Espoo,Finland,73.62,34.54,55.22,HIGH,59.83,Tuesday,12,84.35,116.14,0.95,58.25,884.79,16.6,3.29,1.76,1.96,2.34,3.57,65,14.79,1.47,11.77,949.79
Eugene,OR,71.13,31.01,52.24,HIGH,77.67,Wednesday,14,60.37,138.62,0.67,50,818.33,47.37,3.46,1.17,2.44,1.42,1.75,115.63,8,4.96,14.12,933.96
Exeter,United Kingdom,70.16,29.44,50.99,HIGH,57.4,Tuesday,12,76.53,84.94,1.02,64.22,786.38,25.21,3.25,1.15,3.11,1.6,3.28,150.72,10.49,2.4,12.53,937.1
Fairfax,VA,82.23,56.2,69.97,HIGH,77.52,Wednesday,14,77.73,135.62,1.03,96.5,1565.71,41.8,3.42,1.39,3,2.1,4.6,123.25,12,5.47,16.41,1688.96
Fayetteville,Argentina,73.44,21.79,49.12,LOW,77.69,Wednesday,14,66.31,100.23,0.91,40,604.44,48.58,3.92,1.44,3,2.08,2.5,166.9,9,6.06,17.41,771.34
Ferrara,Italy,112.93,19.02,68.71,HIGH,104.64,Thursday,16,98.57,84.37,1.87,69.75,557.97,41.29,2.08,1.27,3.35,2.79,1.95,334.78,9.49,3.35,14.71,892.75
Florence,Italy,73.74,28.51,52.44,HIGH,60.99,Wednesday,14,77.62,72.14,1.45,39.06,743.31,25.39,1.45,1.12,2.77,1.12,1.34,172.23,8.93,2.05,9.96,915.54
Florianopolis,Brazil,47.82,14.07,31.93,LOW,37.11,Tuesday,12,40.28,49.19,0.9,52.51,380.93,26.83,1.63,0.73,1.86,1.5,1.08,62,7.72,1.52,8.14,442.93
Fort Collins,Colombia,82.96,39.16,62.34,HIGH,90.86,Thursday,16,75.52,88.36,0.75,25,1066.67,53,4.26,1.55,3.41,2,1.25,214.68,9,6.61,18.58,1281.35
Fort Lauderdale,Liechtenstein,74.65,58.79,67.18,HIGH,73.46,Wednesday,14,73.78,108.5,1.03,60,1643.45,52.45,3.78,1.54,2.96,2,2,139.61,12,3.96,15.27,1783.06
Fort McMurray,Canada,85.6,60.99,74.01,HIGH,90.67,Thursday,16,72.95,165.1,2.4,34.97,1304.15,54.3,2.93,1.43,2.71,3.06,0.97,153.68,10.88,5.22,17.75,1457.83
Fort Myers,Liechtenstein,71.36,29.25,51.53,HIGH,73.98,Wednesday,14,66.41,94.57,0.96,32.5,850,54,3.16,1.4,2.64,1.75,1.5,118.72,11.5,4.29,14.2,968.72
Fort Worth,TX,71.99,36.37,55.22,HIGH,71.98,Wednesday,14,60.74,174.79,0.69,100,936.24,45.46,3.84,1.22,2.28,1.8,4.5,119.93,9,4.18,14.01,1056.17
Fortaleza,Brazil,44.54,10.21,28.37,LOW,35.8,Tuesday,12,29.39,43.52,0.94,48.65,277.98,25.7,1.56,0.56,1.74,1.14,0.85,47.72,7.1,1.98,7.92,325.7
Frankfurt,Germany,76.25,33.35,56.05,HIGH,63.88,Wednesday,14,70.41,131.95,0.88,95.97,891.64,26.99,3.14,1.84,2.65,1.16,3.07,250.46,12.28,2.33,12,1142.1
Freiburg Im Breisgau,Germany,65.1,28.86,48.04,LOW,52.19,Tuesday,12,59.26,121.77,1.07,59.98,691.89,27.62,2.85,1.82,2.04,0.94,2.46,210.79,10.04,2.12,10.84,902.68
Fremont,Canada,67.92,68.46,68.17,HIGH,56.81,Tuesday,12,71.98,182.98,1.07,89,1951.25,38.16,3.61,1.11,3.75,2.1,2.55,119.45,12,3.02,14.66,2070.7
Fresno,Canada,76.02,32.31,55.44,HIGH,72.13,Wednesday,14,77.93,105.46,1.04,50,882.14,51.22,4.21,1.68,3.16,3,1.25,157.9,12,3.67,16.76,1040.04
Gaborone,Botswana,37.58,12.04,25.55,LOW,31.88,Tuesday,12,30.51,58.17,1.15,7.16,306.72,83.65,1.77,0.49,2,1.02,0.33,61,4.65,1.61,8.04,367.72
Gainesville,Liechtenstein,69.92,28.26,50.3,HIGH,67.91,Wednesday,14,61.78,100.68,0.94,90,717.83,51,3.18,1.28,3.23,1.4,1.5,159.33,10,3.31,13.34,877.16
Galway,Ireland,72.5,30.74,52.84,HIGH,58.31,Tuesday,12,76.61,135.52,0.96,79.23,887.18,43.71,2.79,1.27,2.57,3.35,2.23,151.85,10.43,2.01,12.95,1039.03
Gdansk,Poland,39.89,14.11,27.75,LOW,28.92,Monday,10,33.25,73.02,0.59,23.05,420.04,12.48,1.84,0.84,1.4,0.69,0.82,198.93,5.89,0.66,6.02,618.97
Gdynia,Poland,38.79,12.38,26.35,LOW,30.11,Tuesday,12,32.09,73.04,0.68,23.05,352.88,10.81,2.13,0.85,1.52,0.73,0.77,169.32,6.15,0.68,6.59,522.2
Geneva,Switzerland,133.14,76.32,106.39,HIGH,125.78,Friday,18,134.71,145.3,1.63,71.26,1810.75,62.75,4.16,3.64,6.01,2.03,3.05,204.01,19.6,4.51,21.98,2014.76
Genoa,Italy,75.35,21.5,49.99,LOW,67.4,Wednesday,14,77.26,79.48,1.53,51.33,608.99,31.25,1.43,0.93,2.86,1.23,1.67,170.84,8.93,1.67,9.65,779.83
Gent,Belgium,81.51,26.18,55.46,HIGH,74.51,Wednesday,14,86.46,95.19,0.87,42.41,763.49,37.5,2.93,2.21,2.78,1.37,2.68,136.79,12.28,2.51,12.67,900.28
Glasgow,United Kingdom,70.73,27.72,50.48,HIGH,56.87,Tuesday,12,84.03,114.54,1.19,60.29,760.34,27.74,3.4,1.21,2.79,2.11,2.62,168.16,11.8,2.86,13.56,928.5
Goa,India,25.44,7.8,17.13,LOW,24.28,Monday,10,20.63,63.66,0.65,7.46,149.11,20.04,1.01,0.23,0.78,0.91,0.3,25.56,3.13,2,5.58,174.67
Gold Coast,Australia,74.66,37.66,57.24,HIGH,69.54,Wednesday,14,70.4,130.71,0.95,82.76,1186.05,62.62,3.34,1.77,2.73,3.99,3.39,160.48,10.53,2.73,15.51,1346.53
Gothenburg,Sweden,75.79,27.38,53,HIGH,68.95,Wednesday,14,80.16,122.41,1.28,69.86,811.39,25,3.96,2.14,3.15,1.8,3.05,64.55,14.09,2.74,15.07,875.94
Grand Rapids,MI,74.83,33.36,55.31,HIGH,75.09,Wednesday,14,68.1,135.47,0.67,43.5,1031.25,45.5,3.49,1.28,2.21,2.7,1.75,248.01,11,5.83,16.18,1279.26
Grande Prairie,Canada,88.71,30.07,61.1,HIGH,91.61,Thursday,16,75.4,109.6,1.81,42.54,930.42,106.91,2.49,1.36,2.63,2.47,1.58,243.58,9.34,4.6,15.36,1174
Graz,Austria,63.95,21.68,44.05,LOW,50.22,Tuesday,12,62.74,130.65,1.09,51,545.8,23.34,3.07,1.34,2.63,1.02,2.46,282.61,11.16,1.93,11.08,828.41
Greensboro,NC,75.71,26.17,52.38,HIGH,81.29,Wednesday,14,60.08,169.02,0.94,58,790.09,48.5,4.12,1.32,2.67,1.25,1.75,186.44,9.5,5.94,16.24,976.53
Greenville,SC,71.16,36.47,54.82,HIGH,74.86,Wednesday,14,66.79,146.03,0.97,27,1087.5,46.5,3.53,1.3,2.94,1.83,3.5,109.26,10.5,5.41,15.98,1196.76
Grenoble,France,80.8,23.62,53.87,HIGH,78.88,Wednesday,14,73.09,119.61,1.01,57.36,670.96,33.62,2.51,2.07,3.22,1.45,1.67,149.79,12.28,2.39,12.65,820.75
Groningen,Netherlands,70.06,27.14,49.85,LOW,57.02,Tuesday,12,76.42,113.35,0.95,72.54,638.57,24.9,2.85,2.06,2.51,0.94,2.23,177.54,11.72,2.27,11.58,816.11
Guadalajara,Mexico,30.92,7.76,20.01,LOW,29.85,Monday,10,26.46,52.5,0.75,14.92,200.58,20.42,1.44,0.45,1.26,0.83,0.37,22.96,3.73,1.75,6.48,223.54
Guangzhou,China,44.77,22.03,34.06,LOW,47.2,Tuesday,12,26.34,75.9,1.53,35.57,690.65,15.47,3.56,0.35,1.68,0.9,0.3,56.49,8.99,1.65,9.67,747.14
Guatemala City,Guatemala,43.98,14.56,30.12,LOW,39.39,Tuesday,12,37.1,52.41,1.51,13.23,403.26,55.03,2.25,0.62,1.75,1.12,0.17,66.29,5.76,2.13,9.38,469.55
Guayaquil,Ecuador,48.76,13.25,32.04,LOW,43.96,Tuesday,12,37.23,40.3,1.14,10,350,36,2.34,0.49,2.03,1.03,0.25,55.24,6,1.7,8.73,405.24
Guelph,Canada,67.01,27.88,48.58,LOW,62.84,Wednesday,14,64.47,100.78,2.17,58.69,765.39,52.31,2.86,1.01,2.25,1.87,2.32,165.55,8.68,2.85,13.01,930.94
Gurgaon,India,30.76,9.78,20.88,LOW,29.14,Monday,10,26.61,106.17,0.68,12.08,239.17,27.72,1.69,0.25,0.95,1.49,0.37,55.23,4.47,2.07,7.13,294.4
Guwahati,India,23.44,3.81,14.2,LOW,25.98,Monday,10,13.61,51.97,0.72,4.47,89.47,16.55,1.14,0.17,0.89,1.39,0.15,39.52,3.36,1.91,6.22,128.99
Haifa,Israel,74.22,21.13,49.22,LOW,59.53,Tuesday,12,82.73,103.11,1.55,64.4,601.73,20.59,2.79,1.43,3.17,2.31,1.58,177.25,10.16,2,13.25,778.98
Halifax,Canada,75.05,26.91,52.38,HIGH,77.71,Wednesday,14,74.58,104.39,1.85,59.79,762.99,57.02,3.09,1.35,2.53,2.5,1.88,88.62,9.29,3.69,15.01,851.61
Hamburg,Germany,75.3,32.55,55.17,HIGH,61.96,Wednesday,14,65.02,125.7,0.8,91.51,866.53,24.97,3.03,2.08,2.71,1.05,3.46,282.33,12.28,2.45,12.12,1148.86
Hamilton,Bermuda,133.26,112.14,123.32,HIGH,121.17,Friday,18,138.91,129.67,2.27,68,2855.56,138.09,4.68,2.03,4.55,3.5,4,324.41,12,9.93,26.96,3179.97
Hamilton,Canada,59.9,23.14,42.59,LOW,54.54,Tuesday,12,59.37,151.38,1.36,71.31,683,45.03,3.07,1.28,2.2,1.56,2.07,123.7,9.21,1.79,11.26,806.7
Hamilton,New Zealand,87.27,25.93,58.39,HIGH,69.73,Wednesday,14,86.75,121.19,1.84,122.14,761.14,63.07,3.06,2.1,3.43,2.9,2.17,110.13,12.32,2.08,15.41,871.27
Hanoi,Vietnam,40.74,17.51,29.8,LOW,37.21,Tuesday,12,21.41,24.3,1.45,7.85,436.22,12.04,1.65,0.31,1.41,0.68,0.31,63.34,4.49,2.57,8.07,499.56
Harare,Zimbabwe,52.52,15.68,35.17,LOW,41.76,Tuesday,12,43.33,28.42,1.37,30,381.37,102.57,2.26,0.39,1.87,1.16,0.5,109.37,5.5,1.95,9,490.74
Harrisburg,PA,72.95,25.1,50.42,HIGH,77.9,Wednesday,14,64,159.64,0.96,49,700,40,3.12,1.4,2.66,2.33,1.75,212.8,9,4.59,15.06,912.8
Hartford,Central African Republic,74.74,40.63,58.68,HIGH,74.54,Wednesday,14,82.38,132.22,1.08,45,1216.36,41.25,4.27,1.49,2.9,1.88,1.5,175.79,13,4.77,16.39,1392.15
Heidelberg,Germany,73.04,30.9,53.2,HIGH,61.24,Wednesday,14,67.09,151.7,0.73,74.88,746.29,31.25,2.97,2.07,2.25,0.93,2.68,248.2,10.04,2.1,11.05,994.49
Helsinki,Finland,79.71,38.41,60.26,HIGH,66.84,Wednesday,14,90.98,118.11,1.05,56.91,1005.95,21.75,3.92,1.88,2.19,2.67,3.35,97.23,14.51,2.14,13.85,1103.18
Heraklion,Greece,55.99,9.16,33.94,LOW,47.38,Tuesday,12,52.76,86.21,1.39,53.01,254.44,19.39,3.49,0.5,3.67,1.16,1.34,118.64,7.81,1.66,11.87,373.08
Ho Chi Minh City,Vietnam,42.5,19.28,31.57,LOW,44.07,Tuesday,12,19.83,28.25,1.46,5.83,541.96,13.54,1.76,0.26,1.22,0.7,0.27,57.11,4.49,2.94,8.34,599.07
Hobart,Australia,79.52,29.52,55.98,HIGH,74.64,Wednesday,14,86.37,110.79,0.93,56.43,926.7,50.03,3.12,1.53,3.45,3.01,2.33,191.48,12.98,2.48,14.52,1118.18
Hong Kong,Hong Kong,77.69,82.04,79.74,HIGH,78.36,Wednesday,14,54.34,91.98,2.76,58.01,2183.75,26.55,4.37,0.84,3.22,1.41,1.29,196.98,11.6,2.99,15.59,2380.73
Honolulu,Hawaii,96.55,67.54,82.89,HIGH,106.08,Thursday,16,84.28,89.38,1.72,60,1687.96,49.33,4.62,1.51,4.26,1.93,2.5,221.39,11,6.17,20.21,1909.35
Houston,TX,70.43,45.8,58.83,HIGH,66.27,Wednesday,14,77.05,157.89,0.83,45,1309.78,48.74,3.82,1.23,2.9,1.7,1.25,123.23,10.5,4.46,14.94,1433.01
Huntsville,Alabama,68.67,22.51,46.93,LOW,67.61,Wednesday,14,68.31,142.61,0.76,43,757,59.71,3.5,1.33,2.45,2.17,4.12,156.12,9.5,2.71,12.92,913.12
Hyderabad,India,23.48,5.85,15.18,LOW,24.37,Monday,10,14.33,85.16,0.65,11.18,143.83,11.9,1.33,0.21,0.81,1.21,0.24,23.99,2.24,1.95,6.16,167.82
Iasi,Romania,34.76,9.75,22.98,LOW,27.69,Monday,10,28.27,50.39,0.95,22.55,299.31,8.34,1.34,0.77,1.68,0.79,0.5,93.22,5.01,0.83,6.36,392.53
Indianapolis,IN,73.72,31.1,53.66,HIGH,75.48,Wednesday,14,66.08,97.08,0.7,60,1003.72,52.6,3.87,1.06,2.69,2.21,2,131.91,10.25,4.53,15.06,1135.63
Indore,India,23.74,4.12,14.5,LOW,22.9,Monday,10,16.29,46.74,0.63,5.96,108.19,14.54,1.07,0.19,0.89,1.81,0.28,26.93,2.98,1.67,6.26,135.12
Irbil,Iraq,57.3,20.32,39.89,LOW,41.98,Tuesday,12,59.79,45.09,1.39,125,701.68,46.98,4.4,0.21,1.73,1.47,0.5,99.66,10,1.52,10.72,801.34
Irvine,Canada,81.99,64.68,73.84,HIGH,89.37,Wednesday,14,66.61,143.55,1.06,60,1823.58,48,3.74,1.67,3.4,2,2,112.78,12,2.58,14.45,1936.36
Islamabad,Pakistan,32.78,9.05,21.61,LOW,28.67,Monday,10,23.24,37.44,0.98,11.01,253.6,39.87,1.78,0.26,1.02,1.5,0.19,77.3,4.78,1.33,6.87,330.9
Istanbul,Turkey,49.65,17.18,34.36,LOW,42.28,Tuesday,12,36.92,58.15,0.87,57.42,540.73,19.26,2.47,0.31,1.99,2.04,0.78,97.96,6.08,1.22,8.9,638.69
Izmir,Turkey,44.18,9.95,28.06,LOW,37.8,Tuesday,12,32.75,61.39,0.9,35.47,329.33,18.01,2.26,0.27,1.86,1.91,0.81,92.01,5.4,0.89,8.09,421.34
Jackson,MS,82.76,30.56,58.18,HIGH,89.37,Wednesday,14,73.29,126.58,0.92,40,800,60.82,4.34,1.1,2.87,2.2,2,192.75,10,6.47,17.9,992.75
Jacksonville,Liechtenstein,72.31,32.84,53.72,HIGH,72.99,Wednesday,14,73.37,113.46,0.99,50,900,61.61,3.77,1.25,2.83,1.49,1.5,156.66,10.38,6.26,16.59,1056.66
Jaipur,India,24.81,4.2,15.11,LOW,24.46,Monday,10,14.66,81.83,0.64,7.83,98.79,21.17,1.32,0.22,0.91,1.39,0.3,44.14,3.73,1.52,6,142.93
Jakarta,Indonesia,45.24,24.89,35.66,LOW,48.74,Tuesday,12,25.44,44.09,1.35,11.29,550.43,25.24,2.49,0.25,1.76,2.42,0.26,84.37,3.76,3.71,11.98,634.8
Jeddah (Jiddah),Saudi Arabia,48.98,14.91,32.94,LOW,39.64,Tuesday,12,33.21,122.95,1.15,40,414.52,41.27,2.61,0.22,1.88,2,0.53,54.7,13.33,1.75,9.61,469.22
Jersey City,NJ,74.48,64.37,69.72,HIGH,72.46,Wednesday,14,63.17,175.5,0.95,89,2116.5,56.33,3.6,1.4,2.26,1,2.7,142.92,14,3.85,13.06,2259.42
Jerusalem,Israel,76.77,30.54,55,HIGH,61.57,Wednesday,14,82.99,95.44,1.48,64.92,865.64,20.73,3.15,1.7,3.38,2.87,1.73,171.46,10.56,2.3,14.88,1037.1
Johannesburg,South Africa,41.15,17.29,29.92,LOW,33.2,Tuesday,12,39.22,116.89,0.92,37.68,408.12,57.27,1.49,0.63,1.72,1.28,1.04,73.44,4.83,1.42,7.46,481.56
Johor Bahru,Malaysia,42.39,11.98,28.07,LOW,48.59,Tuesday,12,20.38,63.32,1.67,12.3,315,43.39,2.09,0.32,1.16,3.08,0.49,39.6,4.18,2.79,11.11,354.6
Jyvaskyla,Finland,71.9,23.35,49.04,LOW,59.88,Tuesday,12,76.64,130.39,1.04,66.96,641.67,15.62,3.06,1.18,1.82,2.69,3.35,94.87,13.39,1.29,11.08,736.54
Kampala,Uganda,38.69,7.9,24.19,LOW,32.94,Tuesday,12,26.61,21.56,0.69,40.02,216.42,72.63,2.19,0.32,1.13,0.9,0.52,54.35,5.93,3.34,8.57,270.77
Kansas City,MO,67.05,30.23,49.71,LOW,65.07,Wednesday,14,66.85,171.96,0.88,50,936.82,46.85,4.06,1.36,2.72,1.91,1.5,173.28,10,4.13,15.06,1110.1
Kaohsiung,Taiwan,51.24,10.79,32.2,LOW,56.61,Tuesday,12,22.92,100.92,2.64,28.36,296.23,23.31,2.1,0.55,1.76,1.36,0.63,47.23,7.88,2.47,10.88,343.46
Karachi,Pakistan,28.47,6.58,18.16,LOW,26.7,Monday,10,21.11,45.85,0.82,11.38,164.21,32.04,1.72,0.26,0.99,2.7,0.19,69.47,5.69,1.12,7.61,233.68
Karlsruhe,Germany,69.52,31.22,51.49,HIGH,53.36,Tuesday,12,67.96,119.88,0.97,62.49,739.31,28.27,2.96,1.93,1.69,0.91,2.68,323.62,11.16,1.86,10.32,1062.93
Kathmandu,Nepal,31.77,4.52,18.94,LOW,28.69,Monday,10,18.51,27.1,0.69,9.79,120.33,26.04,1.11,0.16,1.24,1.83,0.19,44,3.26,1.79,6.82,164.33
Katowice,Poland,36.61,10.89,24.5,LOW,29,Monday,10,29.95,80.1,0.61,30.73,326.13,9.13,1.63,0.73,1.71,0.73,0.82,133.48,5.12,0.72,6.13,459.61
Kaunas,Lithuania,46.3,10.24,29.32,LOW,34.83,Tuesday,12,40.08,53.56,0.89,27.15,341.76,8.57,1.98,1.03,1.48,1.11,0.89,177,6.7,1.11,7.6,518.76
Kazan,Russia,31.57,10.85,21.81,LOW,26.59,Monday,10,33.55,46.73,0.66,11.09,301.4,5.94,1.51,0.28,1,0.79,0.31,86.41,3.99,1.19,5.43,387.81
Kelowna,Canada,64.99,30.58,48.79,LOW,62.44,Wednesday,14,66.14,121.53,1.61,46.57,811.88,40.3,2.89,1.26,3.11,2.13,1.88,79.71,9.64,2.37,13.37,891.59
Kharkiv,Ukraine,26.11,9.97,18.51,LOW,19.64,Monday,10,18.84,25.15,0.51,4.69,282.79,3.8,0.77,0.24,0.86,0.49,0.2,58.33,3.09,0.64,3.51,341.12
Kiev,Ukraine,28.61,13.17,21.34,LOW,21.46,Monday,10,23.53,31.96,0.6,9.19,403.6,3.66,0.86,0.32,1.03,0.53,0.17,55.7,3.16,0.71,4.05,459.3
Kigali,Rwanda,39.42,13.02,26.99,LOW,31.09,Tuesday,12,29.46,28.74,0.82,9.83,400.2,233.36,2.13,0.53,1.46,1,0.29,45.62,6.14,2.43,8.37,445.82
Kingston,Canada,66.85,27.83,48.48,LOW,65.65,Wednesday,14,65.24,110.89,1.58,55.35,736.75,44.7,2.69,1.31,2.3,1.81,2.1,145.52,8.98,2.68,12.37,882.27
Kingston,Jamaica,63.66,16.55,41.48,LOW,60.81,Wednesday,14,38.32,36.87,2.23,66.82,395.98,28.33,2.1,0.63,2.36,2.16,0.94,106.12,9.43,6.55,16.03,502.1
Kitchener,Canada,61.97,25.18,44.64,LOW,55.13,Tuesday,12,65.77,144.9,1.62,61.32,670.91,41.78,2.61,1.12,2.28,2.46,2.31,123.56,9.24,2.13,12.22,794.47
Knoxville,TN,69.65,30.72,51.32,HIGH,75.3,Wednesday,14,64.71,126.93,0.97,40,941.25,47.53,3.51,1.21,2.07,2.63,1.5,139.68,9.5,3.8,14.19,1080.93
Kochi,India,22.82,5.09,14.47,LOW,24.31,Monday,10,12.76,82.94,0.6,3.73,122.68,19.79,1.08,0.22,0.92,1.26,0.15,28.96,2.24,1.98,6.06,151.64
Kolkata,India,25.45,6.52,16.53,LOW,25.24,Monday,10,19.41,65.22,0.59,3.8,160,18.09,1.4,0.17,0.92,1.25,0.15,36.29,3.73,1.76,6.09,196.29
Kosice,Slovakia,46.63,15.23,31.85,LOW,42.05,Tuesday,12,30.58,61.01,0.84,22.32,474.9,17.75,1.55,1.05,2.11,0.82,0.67,201.6,6.64,1.38,7.75,676.5
Kota Kinabalu,Malaysia,49.08,8.46,29.96,LOW,52.52,Tuesday,12,24.77,59.29,1.54,24.61,218.02,38.43,2.5,0.32,1.22,2.46,0.49,32.09,3.2,2.55,10.59,250.11
Krakow (Cracow),Poland,39.16,15.9,28.21,LOW,30.8,Tuesday,12,32.09,76.03,0.66,23.05,448.66,12.37,1.79,0.71,1.6,0.79,0.97,170.36,6.4,0.69,6.24,619.02
Kuala Lumpur,Malaysia,44.07,18.08,31.84,LOW,45.41,Tuesday,12,25.25,90.73,1.73,24.61,586.71,40.34,2.75,0.37,1.32,2.47,0.62,47.94,3.69,2.09,10.73,634.65
Kuching,Malaysia,45,7.68,27.43,LOW,48.13,Tuesday,12,19.07,38.98,1.44,17.23,196.06,30.81,1.77,0.25,1.04,2.05,0.49,47.44,3.08,2.71,9.26,243.5
Kuwait City,Kuwait,87.32,39.68,64.89,HIGH,103.43,Thursday,16,48.51,103.31,1.42,49.72,1148,45.47,4.53,0.39,1.86,2,0.83,50.6,11.6,2.12,12.32,1198.6
Lagos,Nigeria,36.49,20.27,28.85,LOW,31.65,Tuesday,12,25.2,33.87,1.62,43.09,665.04,41.64,2.11,0.18,1.25,0.8,0.48,96.83,4.79,1.65,7.61,761.87
Lahore,Pakistan,31.54,6.2,19.61,LOW,27.54,Monday,10,27.57,45.61,0.89,9.57,160.66,32.03,2.45,0.26,0.96,1,0.24,91.85,4.78,1.39,6.95,252.51
Las Vegas,NV,78.6,31.13,56.25,HIGH,72.68,Wednesday,14,82.27,120.33,0.87,65,878.57,51.63,4.36,1.44,2.57,2.68,2.12,173.37,11.5,4.04,15.96,1051.94
Lausanne,Switzerland,121.14,55.15,90.07,HIGH,117.69,Thursday,16,122.09,138.76,1.7,73.3,1339.29,61.51,4.22,2.92,4.93,1.8,3.56,231.83,18.32,3.64,19.21,1571.12
Leeds,United Kingdom,66.66,26.81,47.9,LOW,56.89,Tuesday,12,72.55,114.75,1.2,72.74,826.21,26.25,3.4,1.15,2.5,1.63,3.15,145.44,11.14,2.14,12.02,971.65
Leicester,United Kingdom,74.74,22.18,49.99,LOW,61.21,Wednesday,14,91.08,99.04,1.28,62.25,646.3,20.11,3.25,1.17,2.67,1.49,3.28,210.03,11.8,2.62,12.48,856.33
Leiden,Netherlands,70.38,30.08,51.4,HIGH,54.08,Tuesday,12,83.14,125.85,0.98,111.59,845.64,20.76,2.61,2.01,2.14,1.14,2.23,155.95,10.04,2.08,10.96,1001.59
Leipzig,Germany,65.49,18.67,43.44,LOW,50.9,Tuesday,12,61.98,91.45,0.75,72.54,478.26,24.71,2.68,2.07,1.75,0.55,2.79,241.74,11.16,2.12,9.92,720
Leuven,Belgium,79.98,27.04,55.06,HIGH,78.84,Wednesday,14,77.48,89.13,0.9,42.41,733.18,51.89,3.02,2.29,3.25,1.12,2.57,102.85,11.72,1.95,12.53,836.03
Lexington,KY,77.84,28.84,54.76,HIGH,80.13,Wednesday,14,69.29,117.49,0.85,31.8,866.67,41.75,3.86,1.49,3.49,2.82,1,229.28,10,4.06,16.57,1095.95
Lille,France,73.7,24.51,50.54,HIGH,64.51,Wednesday,14,71.35,104.83,1.23,55.8,663.62,30.11,2.64,1.18,3.96,3.5,1.79,171.45,12.28,2.71,15.22,835.07
Lima,Peru,40.65,18.27,30.11,LOW,35.88,Tuesday,12,27.95,50.49,1.13,29.62,546.61,44.48,2.21,0.42,1.46,1.26,0.44,61.92,5.63,1.46,7.94,608.53
Limassol,Cyprus,57.89,16.9,38.59,LOW,45.02,Tuesday,12,66.97,101.9,1.45,44.64,521.36,37.87,3.56,0.74,2.96,1.23,1.67,107.77,8.93,1.78,11.72,629.13
Limerick,Ireland,88.14,22.25,57.11,HIGH,83.24,Wednesday,14,77.72,104.15,1.14,88.1,585.87,40.45,3.03,1.32,2.61,2.48,2.23,156.85,10.04,3.91,14.49,742.72
Linz,Austria,80.37,28.29,55.85,HIGH,75.05,Wednesday,14,78.92,100.03,1.33,48.77,705.67,22.32,3.36,2.35,3.25,1.49,2.46,190,11.16,2.86,14.64,895.67
Lisbon,Portugal,51.65,21.87,37.62,LOW,41.09,Tuesday,12,45.85,68.2,0.66,40.17,639.38,26.31,1.42,0.99,1.88,0.96,1.67,96.44,6.7,1.66,7.57,735.82
Little Rock,Argentina,71.4,27.29,50.63,HIGH,77.12,Wednesday,14,63.25,134.28,0.94,36,752.5,46.59,3.61,1.3,2.81,2.83,3,152.7,10,6.12,17.61,905.2
Liverpool,United Kingdom,70.45,24.19,48.67,LOW,61.05,Wednesday,14,69.31,106.67,1.18,65.53,739.54,26.96,2.97,1.08,2.47,1.67,2.88,209.19,10.49,2.15,11.52,948.73
Livorno,Italy,85.48,27.72,58.28,HIGH,78.76,Wednesday,14,90.21,84.92,1.39,34.04,781.16,42.96,1.53,1.23,3.35,1.79,1.34,196.68,12.28,2.15,11.44,977.84
Ljubljana,Slovenia,57.08,18.04,38.7,LOW,46.87,Tuesday,12,48.35,79.95,0.95,41.29,491.95,31.24,1.56,1.58,2.21,1.13,1.34,216.29,6.75,1.62,9.05,708.24
Lodz,Poland,37,12.15,25.3,LOW,28.6,Monday,10,31.88,65.54,0.62,20.49,337.76,9.9,1.81,0.51,1.32,0.76,0.67,151.7,6.4,0.65,5.67,489.46
London,Canada,69.28,23.59,47.77,LOW,69.51,Wednesday,14,64.44,114.87,1.49,61.55,658.8,42.17,2.74,1.33,2.34,2.3,2.07,87.77,8.73,3.37,13.57,746.57
London,United Kingdom,85.11,77.31,81.44,HIGH,61.25,Wednesday,14,94.63,87.57,1.19,170.38,2204.64,32.13,3.42,1.24,2.84,2.08,3.28,197.05,15.73,2.48,13.25,2401.69
Los Angeles,Canada,78.66,66.99,73.16,HIGH,75.12,Wednesday,14,81.92,123.61,0.97,100,1802.36,49.42,4.06,1.5,3.78,2.24,1.75,131.29,14,4.43,16.98,1933.65
Louisville,KY,73.37,28.13,52.07,HIGH,82.03,Wednesday,14,61.41,122.48,0.71,50,792.57,53.69,2.75,1.34,2.18,2.33,1.5,141.11,10,5.24,14.55,933.68
Luanda,Angola,136.66,160.95,148.1,HIGH,123.9,Friday,18,104.49,24.93,2.54,80,2738.42,180,2.88,1.21,4.33,2,3,267.39,14.16,8.33,21.29,3005.81
Lublin,Poland,36.08,13.19,25.3,LOW,27.54,Monday,10,26.62,68.6,0.59,21.51,418.33,9.76,1.62,0.72,1.33,0.71,0.82,177.47,5.63,0.6,5.57,595.8
Lucknow (Lakhnau),India,26.25,4.95,16.22,LOW,26.66,Monday,10,15.74,58.91,0.68,8.95,102.72,21.81,0.86,0.18,0.89,1.4,0.28,51.86,2.98,1.74,5.75,154.58
Ludhiana,India,27.02,4.32,16.33,LOW,24.93,Monday,10,20.43,65.71,0.71,7.38,89.47,29.49,1.69,0.25,0.88,1.67,0.15,67.1,2.61,1.61,6.81,156.57
Lugano,Switzerland,118.99,50.22,86.61,HIGH,111.31,Thursday,16,127.67,141.45,1.46,61.08,1329.11,55.36,3.4,2.4,5.43,1.26,2.14,118.49,17.31,3.56,17.51,1447.6
Lusaka,Zambia,52.59,30.84,42.35,LOW,38.43,Tuesday,12,33.48,125.86,1.49,23.23,503.36,104.87,2.17,0.4,1.48,1.23,0.52,139.82,6.29,1.86,8.63,643.18
Luxembourg,Luxembourg,80.99,51.47,67.09,HIGH,61.68,Wednesday,14,100.81,148.47,1.26,27.9,1421.62,44.74,3.3,2.12,3.59,1.26,2.23,268.91,10.04,2.1,13.63,1690.53
Lviv,Ukraine,24.48,8.66,17.03,LOW,19.63,Monday,10,15.41,24.75,0.6,4.2,262.37,3.03,0.75,0.29,0.99,0.44,0.16,53.1,3.7,0.65,3.72,315.47
Lyon,France,80.9,23.76,54,HIGH,75.57,Wednesday,14,76.21,106.72,0.91,66.96,684.96,35.53,2.81,1.51,3.22,1.86,2.01,154.71,11.16,2.4,12.71,839.67
Maastricht,Netherlands,73.37,30.33,53.1,HIGH,58.37,Tuesday,12,77.9,112.76,0.87,83.7,955.53,25.79,2.97,1.86,2.09,1.34,3.35,165.44,10.04,3.35,12.48,1120.97
Madison,WI,67.64,38.03,53.7,HIGH,65.62,Wednesday,14,64.57,137.47,0.79,58,1071.5,48.76,3.38,1.36,2.2,1.82,2,111.4,10.25,2.62,12.17,1182.9
Madrid,Spain,61.48,28.83,46.11,LOW,48.78,Tuesday,12,63.21,89.26,0.94,60.93,827.69,37.57,1.92,1.35,1.84,0.95,1.67,156.24,10.04,1.89,8.89,983.93
Madurai,India,21.45,4.34,13.39,LOW,21.23,Monday,10,12.18,75.68,0.56,11.18,108.85,16.7,0.86,0.16,0.78,1.34,0.22,19.38,2.24,1.94,5.64,128.23
Makati,Philippines,48.43,32.65,41,LOW,44.59,Tuesday,12,29.54,41.75,1.81,10.75,736.29,65.66,2.84,0.41,1.58,0.94,0.32,140.49,5.37,3.07,10.65,876.78
Malaga,Spain,51.66,17.54,35.6,LOW,42.24,Tuesday,12,47.11,108.71,0.84,44.64,491.02,41.19,1.54,0.94,1.98,0.94,1.45,88.51,8.03,1.42,7.66,579.53
Male,Maldives,60.28,32.02,46.97,LOW,58.34,Tuesday,12,43.27,31.83,1.76,29.58,747.78,96.09,2.33,0.37,1.38,7.23,0.38,140,6.57,3.02,16.09,887.78
Malmo,Sweden,72.16,27.69,51.22,HIGH,68.19,Wednesday,14,73.3,129.25,1.22,58.58,813.7,33.44,3.99,2.16,3.27,1.86,2.58,60.84,13.79,2.58,15.08,874.54
Manama,Bahrain,53.9,33.35,44.22,LOW,48.46,Tuesday,12,53.36,109.42,1.44,33.16,932.29,44.34,4.6,0.27,2.34,2.18,0.66,74.61,7.96,2.16,12.99,1006.9
Manchester,United Kingdom,69.41,30.39,51.04,HIGH,55.72,Tuesday,12,76.98,110.15,1.05,65.53,929.11,26.59,3.31,1.12,2.21,1.51,3.67,191.67,11.14,2.37,11.57,1120.78
Mangalore,India,21.88,5.15,14,LOW,21.21,Monday,10,12.71,114.63,0.51,4.1,132.55,26.84,1.13,0.19,0.72,1.49,0.15,20.34,2.24,1.79,5.83,152.89
Manila,Philippines,41.96,15.95,29.71,LOW,38.5,Tuesday,12,26.07,46.8,1.61,10.75,488.08,62.52,2.39,0.39,1.51,0.92,0.43,91.27,5.37,2.53,9.35,579.35
Mannheim,Germany,68.69,20.37,45.94,LOW,49.25,Tuesday,12,70.9,174.8,0.76,75.33,544.58,24.55,3.05,2.19,2.03,0.96,2.79,265.21,13.39,1.9,10.89,809.79
Maputo,Mozambique,30.67,15.02,23.3,LOW,22.47,Monday,10,32.34,41.74,0.82,0.58,398.51,57.74,1.13,0.39,1.28,0.68,0.14,35.49,4.1,1.09,5.39,434
Maribor,Slovenia,48.91,10.62,30.88,LOW,40.48,Tuesday,12,38.32,88.37,0.84,29.56,297.12,32.14,1.53,1.1,2.24,1.2,1.23,197.8,6.03,1.28,8.19,494.92
Marseille,France,65.07,22.26,44.91,LOW,57.97,Tuesday,12,68.76,111.98,1.15,41.4,592.85,28.44,2.23,1.22,3.32,1.84,1.67,88.45,10.32,2.47,12.23,681.3
Medellin,Colombia,32.14,7.92,20.74,LOW,28.48,Monday,10,22.24,42.71,0.71,20.49,197.11,25.82,1.13,0.6,1.31,0.77,0.65,55.65,3.41,1.95,6.47,252.76
Melbourne,Australia,78.04,44.15,62.08,HIGH,72.32,Wednesday,14,74.05,142.32,0.97,102.69,1252.26,52.44,2.93,2.05,3.74,3.76,2.86,126.22,15.05,2.82,16.27,1378.48
Melbourne,Liechtenstein,79.88,29.47,56.14,HIGH,92.03,Thursday,16,68.69,113.14,1.1,42,818,53.8,3.58,1.4,2.75,2,1.5,165.87,8.5,8.82,19.65,983.87
Memphis,TN,71.62,30.76,52.38,HIGH,73.9,Wednesday,14,68.95,131.57,0.94,50,936.36,50.04,4.6,1.25,2.51,1.89,1.75,112.35,10.62,3.85,15.04,1048.71
Merida,Mexico,33.13,8.07,21.33,LOW,31.42,Tuesday,12,26.42,41.07,0.81,22.59,202.93,22.14,1.93,0.49,1.38,1.01,0.37,76.28,3.73,1.54,7.16,279.21
Mexico City,Mexico,37.2,17.69,28.02,LOW,33.82,Tuesday,12,33.78,59.81,0.85,15.98,473.69,22.45,1.94,0.5,1.41,1.07,0.27,35.73,4,1.9,7.67,509.42
Miami,Liechtenstein,80.67,58.92,70.43,HIGH,77.1,Wednesday,14,85.97,107.88,0.95,112,1656.86,53.14,3.99,1.38,3.03,2.75,2.25,134.35,12,5.13,17.23,1791.21
Milan,Italy,76.2,39.25,58.8,HIGH,65.34,Wednesday,14,85.11,86.71,1.38,39.06,1018.72,30.91,1.6,1.28,2.9,1.35,1.67,134.78,9.49,1.95,10.46,1153.5
Milton Keynes,United Kingdom,74.22,38.87,57.57,HIGH,65.5,Wednesday,14,73.56,98.35,1.15,62.91,1145.34,26.93,3.83,1.03,3.57,1.35,3.01,222.13,13.11,1.75,12.68,1367.47
Milwaukee,WI,72.63,32.67,53.81,HIGH,71.81,Wednesday,14,74.69,133.67,0.81,64,841.36,48.36,3.89,1.44,2.2,2.17,2.25,124.52,10.75,5.22,15.73,965.88
Minneapolis,MN,80.8,41.67,62.37,HIGH,87.79,Wednesday,14,69.4,126.76,0.8,80,1256.31,48.42,3.83,1.43,2.47,1.55,2.25,123,11,5.19,15.27,1379.31
Minsk,Belarus,33.93,13.09,24.12,LOW,27.39,Monday,10,37.85,39.74,0.6,14.5,405.3,9.73,1.43,0.42,1.1,0.87,0.25,42.21,3.53,0.97,5.39,447.51
Mississauga,Canada,72.19,34.73,54.55,HIGH,67.78,Wednesday,14,64.47,100.19,1.52,97.43,1029.77,39.28,2.84,0.87,2.56,1.92,2.62,181.53,9.3,2.55,12.26,1211.3
Mobile,Alabama,65.23,24.49,46.05,LOW,64.72,Wednesday,14,64.21,157.92,0.85,45,653.83,46.83,4.45,1.18,2.65,2.26,1,162.53,9,3.73,15.12,816.36
Modena,Italy,71.67,18.72,46.74,LOW,63.5,Wednesday,14,73.13,78.6,1.17,35.15,516.13,22.32,1.41,0.73,2.08,1.6,1.34,221.04,8.93,1.9,8.89,737.17
Moncton,Canada,63.78,18.84,42.62,LOW,62.8,Wednesday,14,62.73,115.26,1.52,47.49,529.29,38.1,2.47,1.22,2.44,2.02,1.73,125.18,9.33,2.82,12.49,654.47
Monterrey,Mexico,35.9,12.61,24.93,LOW,33.47,Tuesday,12,32.04,117.66,0.85,23.98,298.01,22.57,1.94,0.5,1.52,0.98,0.64,47.18,3.73,2.06,7.85,345.19
Montevideo,Uruguay,63.19,18.33,42.07,LOW,51.34,Tuesday,12,57.05,40.27,0.92,45.27,503.58,27.08,2.67,1.02,2.59,1.83,0.98,135.19,8.36,2,11.03,638.77
Montpellier,France,76.06,23.77,51.44,HIGH,72.05,Wednesday,14,65.07,86.73,0.89,50.22,668.33,29.17,2.85,1.51,2.9,2.42,1.67,150.2,8.93,2.98,13.55,818.53
Montreal,Canada,67.01,24.8,47.13,LOW,67.36,Wednesday,14,64.86,118.69,1.58,62.31,708.45,41.16,2.66,1.04,2.52,1.77,2.46,74.97,9.24,3.1,12.67,783.42
Moscow,Russia,41.12,27.14,34.54,LOW,31.01,Tuesday,12,48.63,60.83,0.89,24.73,804.6,5.38,2.35,0.55,1.14,0.9,0.7,100.5,6.05,1.29,7.12,905.1
Mumbai,India,28.82,20.86,25.07,LOW,29.16,Monday,10,21.56,69.56,0.73,7.46,518.73,18.18,1.61,0.2,0.9,1.58,0.22,42.03,4.47,2.22,7.24,560.76
Munich,Germany,74.49,40.83,58.64,HIGH,59.13,Tuesday,12,74.58,134.46,0.88,71.42,1106.32,26.21,3.07,2.24,1.98,1,3.01,267.85,11.72,2.43,11.6,1374.17
Muscat,Oman,51.63,31.43,42.12,LOW,46.52,Tuesday,12,57.25,137.14,1.63,25.98,831.71,60.88,4.36,0.26,2.52,3.07,0.78,58.04,9.09,2.28,14.12,889.75
Mysore,India,25.37,4.43,15.51,LOW,30.65,Tuesday,12,11.84,39.28,0.47,9.32,84.62,17.52,1.54,0.21,0.73,1.04,0.25,15.04,2.98,2.18,6.17,99.66
Nagpur,India,23.09,4.22,14.2,LOW,24.32,Monday,10,16.84,69.95,0.6,4.47,106.87,19.68,1.05,0.2,0.87,1.55,0.22,19.51,2.83,1.37,5.64,126.38
Nairobi,Kenya,42.39,16.82,30.35,LOW,37.45,Tuesday,12,33.59,29.12,0.94,29.61,383.18,43.65,2.35,0.48,1.53,1.82,0.69,45.66,5.92,2.88,10,428.84
Nantes,France,68.39,21.37,46.25,LOW,57.62,Tuesday,12,72.59,131.19,0.95,70.3,554.25,28.02,2.54,1.43,2.57,1.67,1.79,129.72,9.21,1.95,11.11,683.97
Naples,Italy,67.86,22.27,46.39,LOW,63.45,Wednesday,14,62.34,50.74,1.55,44.64,638.32,24.83,1.49,0.98,2.79,1.31,1.28,142.7,8.93,1.74,9.86,781.02
Nashville,TN,71.35,45,58.94,HIGH,71.16,Wednesday,14,71.59,148.72,0.82,82,1345.19,54.64,4.29,1.51,2.52,1.82,1.7,125.5,11,3.81,14.77,1470.69
Nasik,India,24.2,5.68,15.48,LOW,24.58,Monday,10,15.92,66.11,0.7,4.1,145.39,14.41,0.98,0.25,0.81,1.32,0.18,25.85,2.98,2.15,6.21,171.24
Nassau,Bahamas,99.74,38.38,70.84,HIGH,92.09,Thursday,16,96.24,43.77,2.49,30,950.17,36,4.83,1.36,3.67,2.75,1.5,291.4,10,5,20.1,1241.57
Navi Mumbai,India,25.7,9.39,18.02,LOW,25.27,Monday,10,20.83,92.33,0.62,4.47,242.31,18.97,1.4,0.2,0.88,1.45,0.3,31.02,3.73,1.98,6.53,273.33
New Haven,Central African Republic,90.72,49.07,71.11,HIGH,102.15,Thursday,16,97.55,142.42,1.13,50,1383.33,50.62,4.58,1.58,3.58,1.75,2,139.18,11.5,4.77,17.39,1522.51
New Orleans,LA,75.6,39.48,58.6,HIGH,73.77,Wednesday,14,76.65,96.19,1.1,55,1239.29,62.28,3.5,1.25,2.7,2.6,1.25,170.67,12,3.47,14.62,1409.96
New York,NY,100,100,100,HIGH,100,Thursday,16,100,100,1.07,116.5,2914.45,52.38,4.24,1.72,3.67,2.12,2.75,127.4,15,5.72,18.54,3041.85
Newark,NJ,69.12,35.57,53.32,HIGH,58.79,Tuesday,12,79.41,144.2,0.9,66,1055,46.6,4,1.34,2.17,1.5,1.55,96.67,13.75,1.73,11.64,1151.67
Newcastle Upon Tyne,United Kingdom,67.1,26.01,47.76,LOW,52.29,Tuesday,12,76.27,118.25,1.05,70.77,782.74,28.29,3.48,0.9,2.24,1.56,3.28,179.37,11.14,2.12,11.35,962.11
Newcastle,Australia,76.56,42.79,60.66,HIGH,76.51,Wednesday,14,79.19,141.59,1.13,30.1,1237.94,55.39,3.24,1.92,3.39,5.02,2.86,138.8,7.52,3.38,18.08,1376.74
Nice,France,76.92,29.46,54.57,HIGH,62.82,Wednesday,14,89.45,108.31,1,35.71,824.51,31.64,3.22,2.11,2.5,1.67,1.67,181.19,11.16,2.59,13.09,1005.7
Nicosia,Cyprus,63.86,15.61,41.14,LOW,54.78,Tuesday,12,69.9,84.54,1.53,44.64,464.05,34.71,3.78,1.03,3.1,0.97,1.67,148.13,8.93,2.59,13,612.18
Nis,Serbia,30.12,5.1,18.34,LOW,22.44,Monday,10,24.51,42.68,0.76,17.35,170.98,14.47,1.04,0.5,1.17,0.49,0.54,143.93,2.79,0.62,4.58,314.91
Noida,India,27.14,6.67,17.5,LOW,27.25,Monday,10,19.74,100.67,0.59,7.46,170.33,22.74,1.28,0.19,0.89,1.53,0.3,44.2,3.73,2.26,6.74,214.53
Norfolk,VA,81.77,40.09,62.14,HIGH,92.2,Thursday,16,75.85,87.12,0.86,60,1198.8,50.55,4.22,1.43,2.72,2,1.75,176.37,8.5,5.77,17,1375.17
Northampton,United Kingdom,67.16,26.85,48.18,LOW,59.6,Tuesday,12,74.13,110.82,1.2,65.53,744.44,22.08,3.65,1.55,2.1,1.44,2.95,168.42,12.19,2.62,12.56,912.86
Norwich,United Kingdom,73.42,26.57,51.36,HIGH,56,Tuesday,12,81.17,100.54,1.29,81.26,771.3,25.62,3.21,1.08,2.61,2.01,3.54,170.22,11.8,2.24,12.44,941.52
Nottingham,United Kingdom,66.88,24.43,46.89,LOW,60.24,Wednesday,14,64.43,134.58,1.22,65.53,688.08,25.3,3.34,0.95,2.36,1.75,2.62,138.21,10.98,2.7,12.32,826.29
Novi Sad,Serbia,34.67,6.33,21.33,LOW,25.67,Monday,10,28.26,49.15,0.8,18.14,203.46,13.3,1.11,0.67,1.32,0.58,0.5,150.85,3.17,0.75,5.23,354.31
Novosibirsk,Russia,30.78,10.11,21.05,LOW,27.39,Monday,10,27.76,52.39,0.8,7.42,312.72,5.62,2.05,0.36,0.98,0.81,0.31,77.34,4.63,1.5,6.5,390.06
Nuremberg,Germany,66.71,23.07,46.16,LOW,50.43,Tuesday,12,69.84,151.41,0.85,78.12,608.19,23.57,2.96,2.02,1.93,1.01,3.35,214.01,13.39,2.37,11.14,822.2
Oakland,Canada,88.33,76.78,82.89,HIGH,93.02,Thursday,16,87.52,107.49,1.06,75,2208.33,59.55,3.76,1.59,3.31,2,2.1,121.04,12,3.12,14.84,2329.37
Odense,Denmark,81.68,20.66,52.95,HIGH,62.39,Wednesday,14,101.25,145.62,0.97,55.61,539.63,20.84,5.22,1.91,3.6,0.72,3.45,213.87,13.49,2.25,14.67,753.5
Odesa,Ukraine,28.43,8.39,18.99,LOW,19.73,Monday,10,28.55,36.44,0.56,11.96,242.9,3.15,0.98,0.37,0.9,0.52,0.2,49.52,3.86,0.78,4.11,292.42
Oklahoma City,OK,63.42,28.1,46.79,LOW,67.05,Wednesday,14,59.47,138.82,1.05,15,845,57.53,3.66,1.18,2.51,1.37,1.25,153,9.5,4.38,14.15,998
Olomouc,Czech Republic,39.15,11.09,25.93,LOW,35.38,Tuesday,12,27.61,85.08,0.67,14.45,342.17,16.52,1.56,0.92,1.29,0.54,0.58,141.23,5.37,0.88,5.86,483.4
Oradea,Romania,35.67,6.15,21.77,LOW,29.4,Monday,10,24.03,47.22,0.8,17.54,171.2,7.17,1.45,0.68,1.57,0.66,0.63,139.3,3.88,0.75,5.91,310.5
Orlando,Liechtenstein,76.94,39.23,59.18,HIGH,82.48,Wednesday,14,73.06,123.06,0.98,50,1190.49,56.82,3.84,1.63,2.72,2.29,2,139.36,11,6.21,17.67,1329.85
Osaka,Japan,78.5,23.56,52.63,HIGH,81.27,Wednesday,14,42.93,105.08,1.68,64.65,671.88,36.67,3.09,0.91,1.99,2.27,1.69,176.17,14.87,3.6,13.54,848.05
Oshawa,Canada,77.63,28.28,54.39,HIGH,82.06,Wednesday,14,65.3,81.32,2.45,75.38,678.16,52.95,2.74,1.24,2.26,2.68,2.47,192.18,9.25,3.13,14.5,870.34
Osijek,Croatia,45.57,7,27.41,LOW,37.77,Tuesday,12,30.61,59.82,0.73,41.05,208.36,22.6,1.22,1.15,1.95,0.98,1.64,178.83,4.48,1.06,7.09,387.19
Oslo,Norway,102.27,45.92,75.74,HIGH,88.48,Wednesday,14,120.76,113.31,1.98,81.71,1353.65,39.56,4.46,3.06,3.8,3.3,3.85,198.72,14.42,2.55,19.15,1552.37
Ostrava,Czech Republic,40.5,11,26.61,LOW,34.94,Tuesday,12,28.5,78.01,0.64,20.44,323.49,12.66,1.64,0.76,1.45,0.63,0.83,146.05,6.59,1.06,6.18,469.54
Ottawa,Canada,67.78,30.36,50.16,HIGH,62.92,Wednesday,14,72.53,126.53,1.64,78.72,887,42.49,2.95,1.2,2.49,1.77,2.68,109.15,9.21,2.93,12.98,996.15
Oulu,Finland,73.18,22.85,49.48,LOW,60.02,Wednesday,14,82.99,127.92,1.14,58.59,645.65,13.01,3.96,1.87,1.63,2.79,3.68,93.72,13.39,1.41,12.8,739.37
Oxford,United Kingdom,74.14,52.2,63.81,HIGH,61.12,Wednesday,14,78.25,101.95,1.17,67.82,1417.86,29.83,3.53,1.4,2.8,1.66,2.75,158.6,13.11,2.83,13.39,1576.46
Padova,Italy,72.54,22.24,48.86,LOW,59.31,Tuesday,12,74.26,73.55,1.31,43.52,637.68,34.82,1.56,1.43,3.64,1.71,1.45,196.41,9.54,1.95,11.6,834.09
Palermo,Italy,65.23,15.41,41.77,LOW,59.1,Tuesday,12,60.06,66.33,0.98,33.48,418.48,29.71,1.45,1.38,2.6,1.41,1.56,131.88,8.93,1.93,9.75,550.36
Palma De Mallorca,Spain,59.44,20.26,40.99,LOW,48.62,Tuesday,12,57.3,90.69,0.82,26.78,619.96,35.57,2.08,1.48,1.64,0.72,1.67,145.99,8.37,1.55,8.29,765.95
Panama City,Panama,60.57,37.97,49.93,LOW,59.96,Tuesday,12,59.04,39.95,1.51,24.25,1211.9,40.58,2.73,1.17,2.05,0.77,0.25,89.1,6,3.73,11.96,1301
Paphos,Cyprus,62.58,11.6,38.57,LOW,47.7,Tuesday,12,67.38,75.75,1.51,61.38,319.44,44.73,2.92,1.34,2.38,1.17,1.67,120.92,8.93,1.45,10.77,440.36
Paris,France,84.34,45.94,66.26,HIGH,78.45,Wednesday,14,83.85,100.24,1.3,78.12,1200.7,30.77,3.94,2.43,3.61,1.99,2.01,198.32,11.16,2.85,16.12,1399.02
Parma,Italy,72.7,24.11,49.82,LOW,59.17,Tuesday,12,84.74,88.43,1.37,66.96,599.82,29.14,1.61,1.12,2.9,1.39,1.34,135.32,8.93,2.38,10.77,735.14
Patras,Greece,51.47,9.37,31.64,LOW,38.95,Tuesday,12,55.92,81.62,1.36,33.48,254.28,20.89,3.01,0.56,2.61,0.84,1.34,107.64,7.81,1.52,9.9,361.92
Pattaya,Thailand,44.03,16.9,31.26,LOW,48.06,Tuesday,12,25.41,26.63,1.52,13,477.05,17.92,1.77,0.28,1.51,1.4,0.29,63.33,4.62,2.64,9.12,540.38
Penang,Malaysia,45.86,9.53,28.75,LOW,50.78,Tuesday,12,23.44,77.63,1.71,19.69,250.71,40.29,2.38,0.29,1.3,2.12,0.49,39.94,3.69,2.76,10.56,290.65
Pensacola,Liechtenstein,69.3,29.13,50.38,HIGH,71.68,Wednesday,14,63.45,117.75,1.2,40,792.5,58.77,3.85,1.25,3,1.6,1.75,213.48,9.88,5.15,16.05,1005.98
Perth,Australia,86.87,42.75,66.09,HIGH,80.75,Wednesday,14,93.7,132.36,1.16,90.29,1349.32,54.73,3.4,1.97,3.73,4.45,3.01,153.88,13.92,3.17,17.88,1503.2
Perugia,Italy,107.95,19.09,66.11,HIGH,93.23,Thursday,16,99.18,72.88,1.64,72.54,483.58,36.6,1.79,1.06,3.21,2.82,2.01,301.31,13.39,3.16,13.68,784.89
Philadelphia,PA,82.94,50.64,67.73,HIGH,84.09,Wednesday,14,77.52,114.4,0.97,91,1545.21,58.3,3.85,1.46,3.28,1.96,2.25,144.82,12,4.4,15.92,1690.03
Phnom Penh,Cambodia,49.38,21.65,36.32,LOW,52.83,Tuesday,12,22.51,21.55,2.42,29.85,581.19,33.33,2.17,0.35,1.51,1.32,1.5,82.18,4,3.72,11.49,663.37
Phoenix,Azerbaijan,67.93,32.05,51.03,HIGH,62.73,Wednesday,14,68.76,168.86,0.57,64,908.39,51.32,4.18,1.14,2.86,0.92,2,185.42,10,3.19,12.86,1093.81
Phuket,Thailand,48.57,14.09,32.33,LOW,52.91,Tuesday,12,25.38,47.61,1.46,51.99,393.54,18.2,2.34,0.4,1.51,1.43,0.87,63.02,5.2,3.12,10.26,456.56
Pisa,Italy,74.09,23.82,50.42,HIGH,64.27,Wednesday,14,83.15,56.04,1.22,27.01,650.44,26.09,1.41,1.17,3.26,1.69,1.34,226.7,7.81,2.3,11.05,877.14
Pittsburgh,PA,79.94,36.4,59.44,HIGH,80.09,Wednesday,14,73.36,161.24,0.93,97.5,1120.38,57.11,3.44,1.56,3.01,2.33,2.5,173.99,10,4.47,15.74,1294.37
Plano,TX,73.5,39,57.25,HIGH,66.76,Wednesday,14,62.84,183.54,0.8,85,1067.86,47.5,4.38,1.2,1.75,1.83,4.75,158.99,10.5,4.03,13.99,1226.85
Playa del Carmen,Mexico,34.14,13.14,24.25,LOW,31.77,Tuesday,12,27.04,48.67,0.76,21.23,396.27,23.7,1.82,0.41,1.31,0.64,0.32,80.99,2.66,1.76,6.7,477.26
Plovdiv,Bulgaria,36.18,7.42,22.64,LOW,30.48,Tuesday,12,29.79,48.3,1.11,17.15,228.34,8.89,1.19,0.63,1.45,0.67,0.57,100.96,5.69,0.97,6.02,329.3
Plymouth,United Kingdom,65.83,24.38,46.32,LOW,53.53,Tuesday,12,72.42,133,1.1,72.08,694.63,21.26,3.39,1.15,2.72,0.9,3.28,185.96,11.8,2.6,11.86,880.59
Podgorica,Montenegro,40.22,12.56,27.2,LOW,30.82,Tuesday,12,36.28,52.54,0.82,27.9,379.42,24.44,1.31,0.78,1.38,1.04,0.78,123.58,4.46,0.74,6.07,503
Port Elizabeth,South Africa,38.69,12.09,26.17,LOW,34.19,Tuesday,12,32.94,79.84,0.94,13.8,267.44,52.14,1.41,0.58,1.62,1.15,0.62,58.63,4.49,1.47,7.17,326.07
Portland,ME,78.25,38.41,59.49,HIGH,76.91,Wednesday,14,87.2,98.56,0.87,45,1062.5,49.82,3.24,1.75,3.17,1,1.5,157.29,9.62,3.63,13.66,1219.79
Portland,OR,81.19,51.25,67.09,HIGH,82.36,Wednesday,14,75.97,119.29,0.9,100,1455.13,53.82,3.9,1.38,3.06,2.27,2.5,124.81,11.12,4.97,16.48,1579.94
Porto Alegre,Brazil,49.84,13.36,32.66,LOW,38.76,Tuesday,12,41.31,51.62,0.8,51.73,323.2,28.72,1.82,0.85,1.4,1.35,1.08,83.57,6.8,1.81,8.03,406.77
Porto,Portugal,49.26,16.26,33.72,LOW,38.58,Tuesday,12,40.05,72.67,0.63,35.71,452.53,26.78,1.03,0.9,1.85,0.99,1.51,104.67,6.7,1.45,6.85,557.2
Portsmouth,United Kingdom,71.27,31.47,52.53,HIGH,56.3,Tuesday,12,68.27,101.97,1.14,56.36,870.84,29.99,3.23,0.84,2.1,2.62,3.54,234.08,11.73,2.62,12.55,1104.92
Poznan,Poland,39.11,13.39,27,LOW,32.09,Tuesday,12,33.42,69.07,0.59,26.89,376.77,11.34,1.98,0.81,1.51,0.77,0.92,128.94,6.15,0.76,6.42,505.71
Prague,Czech Republic,43.85,19.47,32.37,LOW,36.83,Tuesday,12,32.96,83.04,0.77,22.71,582.15,17.37,1.86,0.87,1.52,0.66,0.99,158.12,7.02,1.21,6.89,740.27
Pretoria,South Africa,39.47,13.31,27.15,LOW,31.66,Tuesday,12,35,126.19,0.86,41.41,291.97,59.68,1.52,0.62,1.56,1.18,1.38,66.73,4.83,1.39,7.13,358.7
Providence,RI,82.49,36.64,60.9,HIGH,78.06,Wednesday,14,85.2,92.38,0.97,64.5,1150,55,3.98,1.37,3.35,1.62,2,162.39,11.5,4.85,16.14,1312.39
Puerto Vallarta,Mexico,33.24,10.96,22.74,LOW,30.52,Tuesday,12,29.72,211.17,0.76,20.66,314.01,26.15,1.79,0.5,1.23,1.05,0.4,46.62,2.66,1.51,6.84,360.63
Pula,Croatia,52.33,9.22,32.03,LOW,44.04,Tuesday,12,43.26,56.89,0.75,34.33,253.77,26.57,1.44,1.01,2.33,1,1.64,198.87,4.48,1.44,7.97,452.64
Pune,India,25.58,7.44,17.04,LOW,26.15,Monday,10,17.7,116.27,0.68,14.91,203.42,21.27,1.4,0.23,0.91,1.68,0.3,22.5,3.73,2.06,6.96,225.92
Quebec City,Canada,68.16,19.34,45.17,LOW,68.12,Wednesday,14,61.18,108.46,1.56,64.54,573.66,41.08,2.92,0.97,2.46,1.87,2.46,111.58,9.28,3.26,13.04,685.24
Queens,NY,83.86,56.16,70.82,HIGH,82.2,Wednesday,14,81.7,135.22,1.06,116.5,1628.57,51.25,3.42,1.25,3,1.5,2.75,181.35,14.25,5.24,15.47,1809.92
Queretaro,Mexico,34.81,9.74,23.01,LOW,33.68,Tuesday,12,26.73,84.13,0.82,21.31,247.37,18.58,1.83,0.61,1.36,0.89,0.45,43.83,3.2,2.26,7.77,291.2
Quezon City,Philippines,35.97,8.25,22.92,LOW,32.2,Tuesday,12,20.94,44.25,1.51,13.97,256.9,67.36,2.25,0.33,1.44,0.75,0.21,88.61,4.73,3.83,10.11,345.51
Quito,Ecuador,46.2,15.38,31.69,LOW,43.43,Tuesday,12,34.86,39.61,1.13,10,467.39,36.23,2.37,0.67,2.14,1.31,0.25,32.34,5.8,1.31,8.93,499.73
Rabat,Morocco,39.42,12.41,26.7,LOW,33.71,Tuesday,12,26.2,41.95,0.75,20.5,336.02,25.51,1.67,0.39,1.37,2.56,0.62,45.19,5.13,1.54,8.28,381.21
Raleigh,NC,69.51,34.68,53.11,HIGH,71.61,Wednesday,14,67.9,166.71,0.99,45,982.24,46.63,3.68,1.23,2.82,1.96,1.62,140.38,10,3.78,14.46,1122.62
Ramat Gan,Israel,81.18,30.86,57.49,HIGH,67.72,Wednesday,14,87.36,91.46,1.52,62.02,844.53,25.34,3.1,1.72,3.31,2.3,1.82,178.82,10.29,2.61,14.56,1023.35
Reading,United Kingdom,71.67,40.28,56.89,HIGH,53.81,Tuesday,12,82.06,103,1.02,77.33,1200.04,24.12,3.13,1.2,1.85,2.16,2.49,212.76,12.44,2.45,11.81,1412.8
Recife,Brazil,50.25,13.65,33.02,LOW,42.1,Tuesday,12,34.71,41.76,1.02,45.4,377.5,26.45,1.78,0.73,1.82,1.23,0.86,79.15,6.8,2.42,9,456.65
Red Deer,Canada,74.37,27.38,52.24,HIGH,69.18,Wednesday,14,71.19,99.54,2.01,49.48,748.38,51.9,3.46,1.39,2.53,1.54,1.9,173.48,11.31,3.44,14.37,921.86
Regina,Canada,72.51,29.22,52.13,HIGH,71.65,Wednesday,14,71.08,127.65,1.41,60.8,805.77,37.53,3.22,1.44,2.39,1.94,2.24,141.05,9.05,3.44,13.84,946.82
Rennes,France,74.7,20.34,49.1,LOW,71.57,Wednesday,14,68.89,129.21,1.03,44.64,530.07,29.71,2.25,1.44,2.63,1.67,1.67,155.95,8.93,2.58,11.6,686.02
Reno,NV,60.96,29.86,46.32,LOW,52.83,Tuesday,12,66.35,119.61,0.69,65,710.3,47.33,3.88,1.11,2.18,2.06,2,145.44,10,2.62,12.54,855.74
Reykjavik,Iceland,104.95,47.4,77.85,HIGH,97.16,Thursday,16,111.95,84.48,1.31,93.2,1412.93,61.29,4.52,1.95,5.35,2.97,3.42,105.43,11.54,2.75,18.85,1518.36
Riga,Latvia,49.57,13.26,32.47,LOW,36.19,Tuesday,12,45.09,56.92,0.87,55.8,393.6,12.92,2.35,0.73,1.52,1.15,1.28,196.94,6.7,1.23,7.85,590.54
Rijeka,Croatia,52.19,11.61,33.08,LOW,42.58,Tuesday,12,41.16,54.98,0.81,41.8,332.88,24.69,1.26,1.27,2.16,1,1.49,206.42,5.22,1.33,7.83,539.3
Rio De Janeiro,Brazil,56.26,23.99,41.06,LOW,39.84,Tuesday,12,50.61,46.38,1.09,49.42,661.67,25.82,1.85,0.96,1.62,1.41,1.17,120.4,8.65,2.16,9.09,782.07
Riverside,Canada,72.63,40.47,57.49,HIGH,70.53,Wednesday,14,69.42,144.03,0.81,50,1198.4,44.12,3.99,1.24,3.55,3,2.5,204.75,10,2.1,14.69,1403.15
Riyadh,Saudi Arabia,47.79,16.43,33.02,LOW,39.02,Tuesday,12,32.66,175.47,1.11,53.34,472.26,40.77,2.85,0.24,1.79,1.5,0.53,34.27,22.67,1.78,9.27,506.53
Rochester,NY,66.85,30.55,49.76,LOW,65.71,Wednesday,14,70.13,127.45,0.68,56,840,47.33,3.72,1.32,2.2,2.25,1,111.88,11,3.02,13.19,951.88
Rome,Italy,71.79,38.7,56.21,HIGH,60.38,Wednesday,14,77,82.5,1.51,39.06,1086.19,30.86,1.23,0.98,3.08,1.34,1.67,164.67,8.93,1.9,10.04,1250.86
Rotterdam,Netherlands,72.96,27.8,51.7,HIGH,56.02,Tuesday,12,86.76,118.51,1.07,55.8,905.31,29.29,2.89,2.18,2.07,1.02,3.01,154.66,11.44,2.14,11.37,1059.97
Sacramento,Canada,78.67,38.71,59.85,HIGH,79.07,Wednesday,14,73.79,129,0.96,100,1040.1,50.55,3.9,1.64,3.43,1.62,2.63,149.75,10.88,3.72,15.27,1189.85
Saint Louis,MO,72.33,29.32,52.08,HIGH,73.06,Wednesday,14,66.14,146.78,0.78,78,852.72,47.16,3.85,1.21,2.71,2.35,2.5,148.48,10,4.27,15.17,1001.2
Saint Paul,MN,74.19,34.95,55.71,HIGH,74.37,Wednesday,14,69.46,107.26,0.88,80,1010,37.44,4.4,1.45,2.65,1.42,2.25,169.72,8.75,4.77,15.57,1179.72
Saint Petersburg,Liechtenstein,81.79,38.14,61.24,HIGH,86.31,Wednesday,14,76.34,152.32,1,65,1164.29,65.2,3.92,1.51,2.78,1,2.5,165.63,12,9.36,19.57,1329.92
Saint Petersburg,Russia,38.06,17.41,28.34,LOW,30.16,Tuesday,12,40.38,53.91,0.85,33.82,490.81,5.64,2.09,0.49,1.12,0.84,0.46,89.62,4.65,1.47,6.86,580.43
Salem,OR,67.2,30.2,49.78,LOW,65.55,Wednesday,14,66.53,107.07,0.87,45,870,45,3.71,1.17,2.41,2,1.6,116.99,11.5,3.23,13.39,986.99
Salt Lake City,UT,67.13,33.25,51.18,HIGH,66.63,Wednesday,14,67.63,159.97,0.64,83.75,997.96,45.39,4.25,1.4,1.9,1.8,2.5,101.72,9.5,3.12,13.11,1099.68
San Antonio,TX,60.65,34.63,48.4,LOW,58.26,Tuesday,12,58.25,146.93,0.78,36,894.3,44.58,3.51,1.19,2.43,1.98,1.3,135.46,10,3.01,12.9,1029.76
San Diego,Canada,77.8,60.29,69.55,HIGH,78.54,Wednesday,14,77.63,127.68,0.95,72,1743.25,50.75,3.83,1.34,4.03,2.17,2.5,108.71,12.5,4.42,16.74,1851.96
San Francisco,Canada,95.97,125.55,109.9,HIGH,105.17,Thursday,16,91.15,105.63,1.18,70,3350.25,54.04,4.05,1.79,4.16,2.26,2.25,115.15,12.75,5.77,19.21,3465.4
San Jose,Canada,79.98,84.7,82.2,HIGH,81.77,Wednesday,14,78.78,173.76,1.04,70,2482.68,49.14,4.41,1.5,3.96,1.88,2,134.03,12,4.41,17.2,2616.71
San Jose,Costa Rica,60.32,20.83,41.72,LOW,59.38,Tuesday,12,49.18,45.17,1.39,50.88,616.89,41.72,2.33,1.29,3.31,1.56,0.73,58.42,6.18,4.89,14.77,675.31
San Juan,Puerto Rico,67.31,25.49,47.62,LOW,61.73,Wednesday,14,66.63,89.14,1.73,37.5,781.48,51,2.49,1.2,3.15,1.7,1.5,182.14,7.5,3.35,13.62,963.62
San Salvador,El Salvador,45.03,9.83,28.46,LOW,40.92,Tuesday,12,32.44,32.31,1.54,27.5,266.67,41.38,2.72,0.44,1.86,1.12,0.25,76.25,4.7,1.38,9.06,342.92
Santa Barbara,Canada,83.18,72.87,78.32,HIGH,85.63,Wednesday,14,84.56,116.91,1.25,46,1910,70.83,4.34,1.55,4.32,1.67,1.75,122.24,9.75,4.41,17.54,2032.24
Santa Cruz,Canada,81.94,64.02,73.5,HIGH,89.7,Wednesday,14,64.62,142.62,0.9,65,1581.25,59.25,3.78,1.34,3.55,1.6,2,128.88,11.88,4.51,15.68,1710.13
Santiago,Chile,50.38,17.89,35.08,LOW,43.6,Tuesday,12,46.17,62.71,1.13,46.76,447.49,36.25,2.44,0.95,2.51,1.21,1.04,106.04,7.27,1.36,9.6,553.53
Santo Domingo,Dominican Republic,53.15,15.26,35.31,LOW,46.26,Tuesday,12,42.04,24.4,1.29,17.32,426.99,49.58,1.85,0.53,1.94,1.85,0.54,67.03,6.49,2.82,10.28,494.02
Sao Paulo,Brazil,54.19,21.85,38.96,LOW,41.02,Tuesday,12,48.29,43.82,0.97,44.48,619.9,23.44,1.72,0.8,1.93,1.45,1.17,70.93,9.27,2.11,8.98,690.83
Sarajevo,Bosnia And Herzegovina,36.81,8.33,23.4,LOW,29.92,Monday,10,28.7,53.74,0.8,29.66,241.71,13.68,1.27,0.73,1.45,0.73,0.97,143.24,3.99,1.01,5.99,384.95
Saskatoon,Canada,73.8,27.64,52.06,HIGH,77,Wednesday,14,60.95,100.21,1.04,61.26,821.44,44.96,2.92,1.51,2.62,1.63,2.31,120.44,10.43,3.1,12.82,941.88
Savannah,Georgia,68.05,29.09,49.71,LOW,64.99,Wednesday,14,80.11,113.94,0.98,37.5,975,56.67,4.3,1.31,2.05,1.75,1.5,151.98,8,4.39,14.78,1126.98
Seattle,WA,84.58,64.3,75.03,HIGH,85.39,Wednesday,14,77.59,136.44,0.94,99,1778.02,56.13,3.95,1.62,3.25,1.3,2.72,140.54,12,4.32,15.38,1918.56
Selangor,Malaysia,43.91,11.88,28.83,LOW,49.84,Tuesday,12,19.28,102.6,1.8,24.61,311.72,41.59,2.14,0.28,1.33,1.58,0.49,39.21,3.45,2.58,9.71,350.93
Seoul,South Korea,83.2,48.58,66.9,HIGH,97.12,Thursday,16,47.99,93.33,2.34,49.25,1012.96,23.36,4.13,0.75,2.99,1.96,1.12,178.83,8.95,7.03,19.2,1191.79
Sevilla,Spain,51.96,19.57,36.71,LOW,42.31,Tuesday,12,48.98,91.42,0.76,39.06,585.87,38.45,1.55,0.9,1.82,0.84,1.56,119.95,7.81,1.53,7.4,705.82
Shanghai,China,54.31,36.25,45.8,LOW,57.81,Tuesday,12,39.65,81.8,2.49,29.95,987.01,18.72,4.25,0.33,2.13,0.93,0.6,55.38,11.98,1.83,11.96,1042.39
Sharjah,United Arab Emirates,58.18,31.17,45.46,LOW,48.37,Tuesday,12,46.05,117.72,1.48,81.68,888.26,82.68,3.12,0.32,2.36,3,1.91,156.97,9.53,1.92,12.2,1045.23
Sheffield,United Kingdom,65.91,24.07,46.21,LOW,56.97,Tuesday,12,77.18,107.15,1.12,62.91,711.91,24.04,3.23,1.08,2.17,1.75,2.49,124.02,11.07,2.14,11.49,835.93
Shenzhen,China,53.18,34.51,44.39,LOW,57.64,Tuesday,12,36.31,85.2,2.42,37.44,925.12,23.2,4.31,0.31,2.49,0.83,0.3,93.26,10.48,2.57,12.93,1018.38
Shreveport,LA,66.2,24.69,46.66,LOW,65.76,Wednesday,14,63.81,109.19,1.3,40,743.33,59.47,4.25,1.37,2.43,2.4,1.5,145.08,9,4.59,16.34,888.41
Sibiu,Romania,36.53,8.09,23.14,LOW,29.26,Monday,10,29.35,46.94,0.89,12.53,240.54,8.86,1.4,0.67,1.5,0.72,0.38,105.5,6.26,0.8,5.98,346.04
Singapore,Singapore,86.11,76.65,81.66,HIGH,75.58,Wednesday,14,60.69,101.51,2.21,73.38,2218.04,31.25,4.01,0.91,2.04,4.04,1.32,120.88,8.81,3.15,16.36,2338.92
Sioux Falls,SD,70.62,27.18,50.17,HIGH,73.88,Wednesday,14,54.2,96.73,1.19,30,816.67,52,4.1,1.33,1.65,1.3,2,152.5,10,3.78,13.35,969.17
Skopje,Macedonia,35.72,8.69,22.99,LOW,28.3,Monday,10,27.61,41.69,0.92,23.58,244.89,12.77,1.41,0.75,1.58,0.8,0.63,146.66,4.54,0.76,6.22,391.55
Sliema,Malta,68.43,28.99,49.86,LOW,58.42,Tuesday,12,81.58,75.11,0.98,29.01,773.72,25.11,2.01,1.19,2.07,1.28,2.23,80.88,8.37,2.46,9.99,854.6
Sofia,Bulgaria,38.7,10.94,25.63,LOW,32.08,Tuesday,12,31.21,59.88,1.13,28.53,314.53,8.42,1.19,0.53,1.53,0.68,0.89,94.98,5.71,1.08,6.14,409.51
Southampton,United Kingdom,73.22,31.68,53.66,HIGH,63.49,Wednesday,14,76.56,114.19,1.2,72.08,888.31,25.89,3.39,1.14,2.79,1.79,3.28,224.63,11.8,2.45,12.76,1112.94
Split,Croatia,52.56,11.85,33.39,LOW,43.51,Tuesday,12,49.19,56.46,0.81,43.29,347.99,23.27,1.62,1.46,2.36,1.08,1.64,156.85,4.48,1.31,8.64,504.84
Spokane,WA,71.9,26.44,50.49,HIGH,71.33,Wednesday,14,74.82,110.11,0.72,40,720.83,54.29,3.81,1.12,2.61,2.5,1.5,105.87,10.5,4.01,14.77,826.7
Springfield,MO,58.64,19.49,40.21,LOW,60.45,Wednesday,14,55.21,110.62,0.92,38,515.62,46.74,3.73,1.34,2.8,1.38,1.25,137.97,9.25,3.89,14.06,653.59
St. John's,NL,81.04,23.61,54,HIGH,86.74,Wednesday,14,79.86,102.97,2.43,53.81,667.09,52.86,3.26,1.57,3.04,2.93,1.73,157.46,9.3,4.36,17.59,824.55
Stavanger,Norway,112.21,39.92,78.17,HIGH,102.76,Thursday,16,131.01,130.96,1.96,84.12,1220.57,39.95,4.89,3.1,4.42,3.75,4.33,186.21,14.42,3.27,21.39,1406.78
Stockholm,Sweden,84.85,40.97,64.19,HIGH,77.06,Wednesday,14,88.93,112.88,1.25,92.75,1251.31,28.07,3.96,2.17,3.17,2.06,4.23,78.98,14.09,2.73,15.34,1330.29
Stuttgart,Germany,69.3,28.19,49.94,LOW,53.52,Tuesday,12,67.57,142.13,0.78,89.28,750.29,31.1,2.9,2.03,2.02,0.86,3.12,220.89,11.16,1.96,10.55,971.18
Sumy,Ukraine,23.91,4.42,14.74,LOW,19.8,Monday,10,15.93,32.56,0.55,0,147.97,1.49,0.6,0.31,0.83,0.5,0.11,55.52,2.5,0.69,3.48,203.49
Surabaya,Indonesia,40.92,11.78,27.2,LOW,42.55,Tuesday,12,22.53,29.07,1.23,11.29,353.9,23.56,1.92,0.21,1.34,1.68,0.38,85.93,3.76,2.82,9.2,439.83
Surat,India,25.17,4.78,15.57,LOW,24.46,Monday,10,20.27,58.87,0.74,7.46,108.52,17.43,1.16,0.22,0.83,1.97,0.3,23.63,3.5,2.09,7.01,132.15
Surrey,Canada,65.59,30.45,49.04,LOW,64.81,Wednesday,14,62.95,77.57,1.2,73.87,836.34,43.59,2.91,1.34,2.85,1.78,2.1,87.06,9.94,2.74,12.82,923.4
Suzhou,China,40.62,13.69,27.94,LOW,42.18,Tuesday,12,30.17,72.41,1.97,22.46,464.23,15.47,3.55,0.27,1.88,0.67,0.3,54.79,5.62,1.91,10.25,519.02
Swansea,United Kingdom,70.91,22.28,48.01,LOW,59.33,Tuesday,12,71.53,95.45,0.97,96.99,731.77,30.89,3.32,1.26,3.74,2.62,3.93,207.37,9.83,2.46,14.37,939.14
Sydney,Australia,85.51,64.78,75.75,HIGH,77,Wednesday,14,73.17,120.51,1.3,120.38,1876.53,51.18,2.82,1.93,3.6,4.05,3.01,132.01,15.05,2.99,16.69,2008.54
Syracuse,NY,71.78,26.07,50.26,HIGH,73.09,Wednesday,14,62.37,105.53,0.71,75,719.44,43.77,3.55,1.12,1.88,1.72,2,162.92,11.5,4.9,13.88,882.36
Szczecin,Poland,38.75,10.39,25.4,LOW,30.11,Tuesday,12,30.86,68.01,0.59,25.61,297.74,12.33,1.89,0.59,1.66,0.71,0.77,170.7,6.4,0.7,6.14,468.44
Tacoma,WA,73.76,34.17,55.12,HIGH,67.49,Wednesday,14,70.56,135.39,0.78,67,964.44,60.75,3.85,1.43,2.9,1.09,2,154.68,11.62,3.62,13.67,1119.12
Taipei,Taiwan,64.76,21.52,44.4,LOW,76.4,Wednesday,14,30.89,126.74,2.73,31.51,549.3,25.63,2.62,0.6,1.95,1.41,0.63,64.36,9.45,3.32,12.63,613.66
Tallahassee,Liechtenstein,72.12,30.63,52.59,HIGH,79.63,Wednesday,14,60.62,102.11,1.01,38,694,63,3.7,1.39,2.82,1.5,1.25,171.23,10.5,6.61,17.03,865.23
Tallinn,Estonia,52.73,16.71,35.77,LOW,38.16,Tuesday,12,55.23,70.96,0.61,25.67,517.87,17.47,2.61,1.38,1.31,1.02,1.79,191.14,7.81,1.25,8.18,709.01
Tampa,Liechtenstein,71.66,38.6,56.09,HIGH,75.08,Wednesday,14,67.05,108.17,1.04,65,1131.76,52.49,3.68,1.23,3.23,2.02,2,137.52,10,4.4,15.6,1269.28
Tampere,Finland,77.11,24.89,52.52,HIGH,63.45,Wednesday,14,90.31,112.96,1.07,53.57,759.77,15.98,3.56,1.77,2,3.17,2.96,162.98,13.39,2.46,14.03,922.75
Tartu,Estonia,49.28,12.59,32,LOW,37.99,Tuesday,12,47.37,78.36,0.67,17.86,355.86,16.74,2.34,0.98,1.33,1.11,1.12,171.56,6.7,0.95,7.38,527.42
Tashkent,Uzbekistan,40.2,12.49,27.16,LOW,34.66,Tuesday,12,27.98,25.6,1.05,15,350,158.75,1.54,0.25,1.25,1.01,0.21,58.27,5,1.52,6.62,408.27
Tauranga,New Zealand,80.06,31.27,57.09,HIGH,69.2,Wednesday,14,84.99,83.47,1.62,59.37,1020.89,59.8,3.35,1.93,3.19,3.99,2.61,164.47,12.32,2.9,16.98,1185.36
Tbilisi,Georgia,32.53,11.28,22.53,LOW,26.21,Monday,10,31.66,33.64,1.15,13.04,334.73,11.61,1.61,0.17,1.59,0.85,0.22,60.23,5.11,0.98,6.35,394.96
Tehran,Iran,40.27,22.04,31.69,LOW,35.34,Tuesday,12,35.31,45.95,0.78,16.62,588.51,79.28,2.57,0.21,1.5,1.6,0.2,37.4,2.5,1.38,8.04,625.91
Tel AvivNAyafo,Israel,81.12,39.8,61.66,HIGH,66.51,Wednesday,14,92.09,91.23,1.55,64.92,1158.94,22.56,3.21,1.99,3.31,2.29,1.82,183.09,10.56,2.5,14.85,1342.03
Thane,India,27.73,8.56,18.7,LOW,28.16,Monday,10,18.03,60.4,0.68,7.46,231.96,16.59,1.27,0.2,0.82,1.69,0.37,53.6,3.73,2.24,6.9,285.56
The Hague,Netherlands,78.13,40.19,60.27,HIGH,61.52,Wednesday,14,87.12,115.14,0.98,86.49,1146.64,38.62,2.98,2.47,2.19,1.13,3.91,183.11,12.83,2.6,12.35,1329.75
Thessaloniki,Greece,55.41,10.29,34.17,LOW,42.73,Tuesday,12,57.83,61.9,1.22,33.48,298.97,21.82,3.58,0.56,3.08,1.12,1.12,153,8.37,1.39,10.95,451.97
Thiruvananthapuram,India,19.55,4.57,12.5,LOW,19.83,Monday,10,11.39,81.6,0.6,5.22,116.81,27.25,0.94,0.19,0.79,1.11,0.13,20.38,1.64,1.89,5.52,137.19
Tijuana,Mexico,33.37,8.14,21.49,LOW,31.39,Tuesday,12,30.48,65.27,0.91,26.64,229,25.57,2.1,0.6,1.47,1.03,0.67,44.87,3.73,1.82,7.93,273.87
Timisoara,Romania,36.22,9.21,23.5,LOW,29.55,Monday,10,27.72,56.42,0.94,15.03,254.06,8.29,1.32,0.92,1.58,0.78,0.5,116.34,5.01,0.84,6.38,370.4
Tirana,Albania,34.66,9.6,22.86,LOW,26.61,Monday,10,30.95,37.61,1.01,9.76,288.5,16.85,1.17,0.46,1.21,0.73,0.33,64.26,4.07,0.84,5.42,352.76
Tiruchirapalli (Trichy),India,20.85,3.43,12.65,LOW,21.04,Monday,10,10.75,68.68,0.58,11.18,87.98,44.73,0.93,0.2,0.73,1.04,0.15,24.42,1.79,2.01,5.49,112.4
Tokyo,Japan,89.74,43.44,67.94,HIGH,94.03,Thursday,16,55.66,98.09,1.71,83.9,1095.29,33.45,3.54,0.97,2.16,2.44,1.69,153.19,16.09,7.02,17.84,1248.48
Toronto,Canada,69.5,39.87,55.55,HIGH,64.79,Wednesday,14,67.63,124.88,1.76,108.2,1165.27,41.44,2.73,1.18,2.47,1.91,2.45,95.81,9.94,3.03,13.08,1261.08
Toulouse,France,74.76,25.66,51.64,HIGH,69.93,Wednesday,14,77.48,117.27,0.93,52.23,682.29,28.85,3.12,2.17,3.35,1.49,1.79,140.35,11.16,2.56,13.62,822.64
Trento,Italy,70.35,25.17,49.07,LOW,61.05,Wednesday,14,70.96,102.79,1.32,33.48,656.55,30.97,1.66,1.36,2.75,1.18,1.34,158.46,9.49,1.95,10.22,815.01
Treviso,Italy,75.99,19.4,49.34,LOW,60.56,Wednesday,14,83.7,93.54,1.56,39.06,595.17,31.14,1.48,1.16,2.94,1.39,1.45,210.65,8.93,2.16,10.69,805.82
Trieste,Italy,68.7,20.97,46.23,LOW,59.26,Tuesday,12,78.98,94.42,1.42,38.33,509.15,30.11,1.74,1.34,3.13,1.12,1.51,111.59,7.81,1.9,10.65,620.74
Tripoli,Libya,44.68,19.16,32.66,LOW,44.03,Tuesday,12,34.95,51.83,1.65,32.54,506.13,25.31,0.95,0.28,2.34,2,0.72,35.07,3.98,2.57,9.79,541.2
Tromso,Norway,118.19,44.22,83.36,HIGH,99.61,Thursday,16,146.08,97.59,1.83,84.12,1261.77,40.06,4.31,3.16,4.45,3.48,6.01,264.77,13.22,3.27,20.5,1526.54
Trondheim,Norway,111.42,39.76,77.68,HIGH,100.6,Thursday,16,119.82,103.55,1.97,82.92,1145.68,44.69,4.53,3.17,4.13,3.71,6.01,228.23,14.42,3.04,20.55,1373.91
Tucson,Azerbaijan,62.28,23.34,43.94,LOW,61.04,Wednesday,14,62.63,160.79,0.58,42,626.25,45.37,3.64,1.34,2.45,1.2,1.5,140.19,10,3.15,12.36,766.44
Tulsa,OK,67.27,30.82,50.11,HIGH,71.62,Wednesday,14,57.75,139.3,1.04,40,854.44,51.92,3.38,1.06,2.25,2,1.5,164.38,10,4.5,14.23,1018.82
Tunis,Tunisia,31.18,7.31,19.94,LOW,28.86,Monday,10,21.82,39.87,0.53,13.6,216.01,20.44,0.66,0.24,0.88,1.08,0.23,48.81,2.27,1.69,5.08,264.82
Turin,Italy,69.16,21.03,46.5,LOW,59.79,Tuesday,12,71.32,90.07,1.46,42.41,574.17,29.21,1.55,1.07,2.88,1.44,1.67,143.16,8.93,1.74,10.14,717.33
Turku,Finland,79.87,24.08,53.6,HIGH,66.77,Wednesday,14,88.98,124.37,0.94,58.03,706.77,22.91,3.12,1.93,1.94,2.97,3.35,144.87,13.39,1.98,12.88,851.64
Ulaanbaatar,Mongolia,61.3,36.64,49.69,LOW,60.17,Wednesday,14,31.83,21.61,1.09,20.19,738.58,25.73,2.91,0.6,2.42,0.94,0.25,76.24,4.01,4.63,12.59,814.82
Uppsala,Sweden,73.69,24.01,50.3,HIGH,61.77,Wednesday,14,77.08,123.97,1.05,88.05,719.1,25.81,3.4,1.76,3.17,1.76,3.17,102.71,14.09,2.38,13.52,821.81
Utrecht,Netherlands,75.18,35.05,56.28,HIGH,61.31,Wednesday,14,86.41,117.81,0.95,68.07,1004.35,25.67,2.81,1.9,2.53,1.28,2.79,179.99,11.16,2.38,11.85,1184.34
Vadodara,India,26.1,4.3,15.83,LOW,27.59,Monday,10,18.39,76.13,0.7,7.46,98.24,11.93,1.41,0.17,0.86,2.41,0.15,27.2,2.98,1.97,7.52,125.44
Valencia,Spain,53.67,16.79,36.3,LOW,43.01,Tuesday,12,53.14,92.6,0.83,46.76,512.72,35.92,1.67,0.99,1.69,0.85,1.67,115.92,8.93,1.82,7.85,628.64
Valenzuela,Philippines,31.51,3.5,18.32,LOW,31.41,Tuesday,12,15.7,39.19,1.58,3.76,83.62,40.57,1.64,0.25,1.29,0.95,0.17,69.16,3.98,2.11,7.82,152.78
Vancouver,Canada,70.54,45.13,58.58,HIGH,73.37,Wednesday,14,66.45,101.38,1.87,70.34,1196.05,44.63,3.1,1.36,3.13,2.87,2.1,54.8,9.98,3.08,15.41,1250.85
Vancouver,WA,72.63,32.89,53.92,HIGH,73.27,Wednesday,14,64.92,130.92,0.87,85,1006.25,47.1,3.87,1.14,2.37,1.67,2.25,104.01,11,4.34,14.26,1110.26
Varna,Bulgaria,36.48,8,23.07,LOW,31.04,Tuesday,12,29.62,45.72,1.05,25.1,236.57,8.44,1.28,0.51,1.43,0.96,0.57,82.55,5.71,1.06,6.29,319.12
Venice,Italy,96.27,29.69,64.92,HIGH,82.43,Wednesday,14,100.97,68.41,1.49,41.29,839.34,34.59,2.01,1.59,3.57,1.39,2.5,350.71,9.49,2.71,12.76,1190.05
Verona,Italy,81.81,24.66,54.9,HIGH,70.57,Wednesday,14,80.06,54.12,1.39,41.29,799.76,32.08,1.53,1.29,3.27,1.23,1.51,237.66,10.04,1.95,10.66,1037.42
Vicenza,Italy,77.81,19.31,50.27,HIGH,61.53,Wednesday,14,77.23,81.46,1.34,48.54,472.42,39.06,1.83,1.73,2.79,1,1.9,177.19,11.16,1.82,10.51,649.61
Victoria,Canada,70.56,31.55,52.19,HIGH,73.34,Wednesday,14,64.7,111.43,1.61,64.5,859.39,49.12,3.15,1.33,2.74,1.97,1.9,77.99,9.21,2.99,13.79,937.38
Vienna,Austria,67.77,31.97,50.91,HIGH,59.63,Tuesday,12,68.95,108.84,1.13,53.57,810.85,24.92,3.4,1.64,3.53,1.02,2.46,164.17,11.16,2.32,13.04,975.02
Vijayawada,India,24.96,4.82,15.48,LOW,24.97,Monday,10,12.7,55.64,0.77,7.46,127.68,12.18,1.42,0.19,0.82,1.17,0.15,26.63,1.86,2.22,6.59,154.31
Vilnius,Lithuania,48.62,15.39,32.98,LOW,37.79,Tuesday,12,42.05,57.9,0.94,32.36,477.23,10.37,2.1,0.73,1.79,0.96,1.12,174.78,6.7,1.14,7.66,652.01
Visakhapatnam,India,24.11,5.34,15.27,LOW,25.43,Monday,10,14.03,58.98,0.64,10.81,133.53,13.53,1.11,0.18,0.78,1.55,0.15,24.89,2.24,1.69,5.95,158.42
Warsaw,Poland,41.15,19.34,30.88,LOW,31.76,Tuesday,12,35.19,80.18,0.65,28.17,545.08,11.44,2.19,0.76,1.95,0.82,1.13,159.91,6.66,0.72,7.09,704.99
Washington,America,95.05,77.54,86.8,HIGH,89.46,Wednesday,14,90.81,118.76,1.07,225,2123.92,58.82,4.02,1.69,3.64,1,3,136.29,13,4.22,15.64,2260.21
Waterloo,Canada,79.45,29.89,56.11,HIGH,76.71,Wednesday,14,69.21,138.28,2.92,60.64,731.13,50.03,3.14,1.38,2.87,2.15,2.33,294.34,8.55,3.59,16.05,1025.47
Wellington,New Zealand,79.47,35.94,58.97,HIGH,70.41,Wednesday,14,75.85,129.26,1.76,108.73,904.34,61.62,3.24,2.05,3.19,4.53,2.54,118.01,10.87,2.21,16.98,1022.35
West Palm Beach,Liechtenstein,81.45,44.94,64.26,HIGH,85.18,Wednesday,14,77.06,137.07,1.05,60,1384.98,50,4.14,1.6,2.98,1.3,2.25,160.39,12,4.18,15.25,1545.37
Wichita,KS,70.95,23.05,48.39,LOW,76.39,Wednesday,14,63.4,120.26,0.76,47.5,744.33,53.14,3.29,1.5,2.69,2.5,1.9,129.23,10,3.86,14.6,873.56
Windhoek,Namibia,39.88,22.57,31.73,LOW,34.35,Tuesday,12,36.02,50.73,1.12,12.08,565.2,59.18,1.5,0.63,1.84,0.95,0.69,80.84,4.14,1.85,7.89,646.04
Windsor,Canada,72.11,20.35,47.74,LOW,63.13,Wednesday,14,62.36,120.65,1.2,66.55,569.4,46.02,2.31,1.17,2.31,2.78,2.1,276.71,8.99,2.72,12.49,846.11
Winnipeg,Canada,68.83,25.97,48.65,LOW,65.95,Wednesday,14,65.36,102.11,1.26,65.33,705.73,44.81,2.92,1.21,2.48,2.33,1.99,126.72,9.12,3.12,13.32,832.45
Wollongong,Australia,79.49,33.8,57.98,HIGH,79.51,Wednesday,14,73.96,117.04,1.5,67.72,777.98,52.67,3.34,1.74,3.39,3.41,3.2,164.84,11.29,3.57,16.95,942.82
Wroclaw,Poland,39.44,16.55,28.66,LOW,30.73,Tuesday,12,33.16,74.91,0.6,23.05,466.06,11.21,1.96,0.63,1.47,0.76,0.77,160.84,5.89,0.74,6.16,626.9
Yekaterinburg,Russia,33.82,11.38,23.25,LOW,27.96,Monday,10,34.61,51.11,0.73,21.83,337.63,5.95,1.43,0.53,0.96,0.83,0.35,92.34,3.6,1.22,5.7,429.97
Yerevan,Armenia,34.56,11.6,23.75,LOW,26.56,Monday,10,31.68,33.66,0.88,12.64,340.04,15.08,1.61,0.35,1.52,0.84,0.21,80.1,4.21,0.88,6.08,420.14
Yogyakarta,Indonesia,37.83,7.64,23.61,LOW,36.93,Tuesday,12,14.48,18.06,0.98,5.65,361.43,28.24,1.21,0.2,1.07,2.07,0.26,119.12,2.64,2.18,7.71,480.55
Zagreb,Croatia,50.48,12.81,32.75,LOW,42.22,Tuesday,12,40.13,69.54,0.86,53.74,379.73,23.96,1.54,1.31,2.2,1.16,1.49,176.99,5.22,1.32,8.39,556.72
Zaragoza (Saragossa),Spain,64.52,16.53,41.93,LOW,55.92,Tuesday,12,56.39,83.35,1.13,47.99,440.8,28.79,1.52,1.23,1.94,0.95,1.51,216.93,7.81,2.05,8.82,657.73
Zug,Switzerland,122.1,68.16,96.7,HIGH,119.77,Thursday,16,120.27,163.79,1.45,66.17,1890.65,46.98,5.01,3.4,6.11,2.47,3.66,174.46,16.29,2.95,21.39,2065.11
Zurich,Switzerland,132.32,66.33,101.25,HIGH,129.27,Friday,18,135.98,159.67,1.57,87.55,1832.87,49.18,4.99,3.63,5.24,1.86,4.28,196.04,18.32,3.69,20.98,2028.91
